"date";"s_d11";"s_d12";"s_e11";"s_e12";"s_b11";"s_b12";"isWeekend"
2013-01-01;192;99;39;32;580;156;0
2013-01-02;192;99;39;32;580;156;0
2013-01-03;192;99;39;32;580;156;0
2013-01-04;192;99;39;32;580;156;0
2013-01-05;260;155;67;39;646;248;1
2013-01-06;239;174;102;78;647;357;1
2013-01-07;184;85;48;38;421;219;0
2013-01-08;160;124;63;33;448;194;0
2013-01-09;154;91;41;31;375;201;0
2013-01-10;137;127;62;25;669;274;0
2013-01-11;132;121;35;34;391;152;0
2013-01-12;205;138;62;45;569;211;1
2013-01-13;245;107;81;54;585;483;1
2013-01-14;120;102;80;33;409;185;0
2013-01-15;145;100;52;32;462;168;0
2013-01-16;140;81;68;28;479;174;0
2013-01-17;122;124;42;41;558;209;0
2013-01-18;161;117;44;24;478;180;0
2013-01-19;210;138;55;41;528;246;1
2013-01-20;240;157;82;54;617;227;1
2013-01-21;162;106;54;28;480;258;0
2013-01-22;168;149;50;43;440;113;0
2013-01-23;148;133;43;37;458;137;0
2013-01-24;121;101;49;29;542;333;0
2013-01-25;168;109;37;33;480;408;0
2013-01-26;235;171;55;38;580;172;1
2013-01-27;258;147;94;49;577;390;1
2013-01-28;123;109;52;34;519;211;0
2013-01-29;170;117;39;43;477;136;0
2013-01-30;117;95;32;31;484;145;0
2013-01-31;145;93;38;28;540;218;0
2013-02-01;163;131;62;35;528;163;0
2013-02-02;270;161;83;55;694;245;1
2013-02-03;269;169;87;48;629;235;1
2013-02-04;150;117;58;40;604;142;0
2013-02-05;221;96;71;40;625;200;0
2013-02-06;157;108;53;27;522;144;0
2013-02-07;163;108;47;35;674;213;0
2013-02-08;206;93;54;22;532;254;0
2013-02-09;230;202;57;51;647;270;1
2013-02-10;246;140;75;33;798;156;1
2013-02-11;218;141;48;41;604;158;0
2013-02-12;189;117;62;42;520;129;0
2013-02-13;146;114;88;38;589;190;0
2013-02-14;189;125;42;18;836;215;0
2013-02-15;173;113;51;30;536;154;0
2013-02-16;223;170;74;50;576;352;1
2013-02-17;226;169;77;52;615;348;1
2013-02-18;161;130;46;28;584;266;0
2013-02-19;119;135;43;36;547;260;0
2013-02-20;154;95;52;16;539;149;0
2013-02-21;144;122;53;35;619;200;0
2013-02-22;139;105;38;28;448;194;0
2013-02-23;211;181;68;38;501;210;1
2013-02-24;274;159;88;28;641;272;1
2013-02-25;132;100;55;34;561;132;0
2013-02-26;151;152;35;32;442;171;0
2013-02-27;109;108;29;25;486;212;0
2013-02-28;179;115;56;37;576;276;0
2013-03-01;182;120;61;26;593;203;0
2013-03-02;273;157;106;41;752;286;1
2013-03-03;285;194;115;53;663;496;1
2013-03-04;207;119;75;30;563;270;0
2013-03-05;210;130;66;40;576;175;0
2013-03-06;165;141;53;39;557;206;0
2013-03-07;244;124;42;33;670;161;0
2013-03-08;160;136;47;16;395;285;0
2013-03-09;197;171;64;36;612;232;1
2013-03-10;295;180;92;53;673;347;1
2013-03-11;169;113;52;39;451;269;0
2013-03-12;176;80;47;29;465;147;0
2013-03-13;139;98;46;29;415;178;0
2013-03-14;146;113;44;33;467;193;0
2013-03-15;175;141;47;21;521;385;0
2013-03-16;211;187;58;35;509;237;1
2013-03-17;242;170;101;49;553;394;1
2013-03-18;117;103;43;43;530;220;0
2013-03-19;155;131;47;39;494;223;0
2013-03-20;178;108;42;21;595;206;0
2013-03-21;155;107;69;37;615;189;0
2013-03-22;144;113;39;23;437;140;0
2013-03-23;222;201;71;45;610;339;1
2013-03-24;251;98;85;47;583;338;1
2013-03-25;160;129;49;47;439;232;0
2013-03-26;184;132;49;27;475;137;0
2013-03-27;275;208;42;20;552;193;0
2013-03-28;440;286;79;52;611;204;0
2013-03-29;460;351;102;50;627;166;0
2013-03-30;241;140;91;36;590;176;1
2013-03-31;201;112;84;36;576;214;1
2013-04-01;209;186;95;49;625;439;0
2013-04-02;196;127;79;41;620;289;0
2013-04-03;182;148;55;32;612;235;0
2013-04-04;196;97;54;38;651;331;0
2013-04-05;132;118;42;29;520;177;0
2013-04-06;259;233;74;41;570;338;1
2013-04-07;274;186;90;62;666;296;1
2013-04-08;142;147;53;42;602;365;0
2013-04-09;170;90;51;36;519;259;0
2013-04-10;176;122;64;29;565;325;0
2013-04-11;185;89;53;27;581;227;0
2013-04-12;135;135;37;19;474;194;0
2013-04-13;236;204;60;44;494;261;1
2013-04-14;273;172;77;45;574;284;1
2013-04-15;184;104;68;43;538;257;0
2013-04-16;212;106;56;37;521;172;0
2013-04-17;130;143;29;22;504;190;0
2013-04-18;119;100;43;37;520;158;0
2013-04-19;119;111;36;29;453;220;0
2013-04-20;247;176;66;42;528;230;1
2013-04-21;229;164;92;59;620;293;1
2013-04-22;152;120;49;50;520;224;0
2013-04-23;167;129;51;21;540;305;0
2013-04-24;159;110;39;36;435;148;0
2013-04-25;143;110;34;29;539;180;0
2013-04-26;123;155;49;32;454;188;0
2013-04-27;198;171;59;40;538;268;1
2013-04-28;251;164;98;48;594;329;1
2013-04-29;153;140;48;38;658;225;0
2013-04-30;184;121;50;37;465;180;0
2013-05-01;219;176;80;48;596;224;0
2013-05-02;221;124;76;36;524;216;0
2013-05-03;169;138;44;23;626;290;0
2013-05-04;284;199;82;43;679;351;1
2013-05-05;342;179;139;67;759;310;1
2013-05-06;158;136;72;44;494;245;0
2013-05-07;177;113;65;32;518;256;0
2013-05-08;151;128;48;26;481;225;0
2013-05-09;145;116;55;27;516;132;0
2013-05-10;201;130;114;27;695;149;0
2013-05-11;305;188;121;69;568;270;1
2013-05-12;242;175;142;78;536;209;1
2013-05-13;160;158;100;68;477;287;0
2013-05-14;153;135;80;59;501;221;0
2013-05-15;120;125;95;47;586;217;0
2013-05-16;161;96;123;45;746;167;0
2013-05-17;181;141;84;40;393;214;0
2013-05-18;229;185;113;63;574;269;1
2013-05-19;242;163;166;55;638;247;1
2013-05-20;144;159;87;64;524;258;0
2013-05-21;126;129;84;35;492;269;0
2013-05-22;130;126;84;55;453;216;0
2013-05-23;154;105;81;36;570;181;0
2013-05-24;222;128;137;59;582;181;0
2013-05-25;195;180;103;52;488;226;1
2013-05-26;221;201;138;66;577;338;1
2013-05-27;182;119;85;45;492;258;0
2013-05-28;140;120;65;59;483;181;0
2013-05-29;123;101;39;50;425;512;0
2013-05-30;197;135;38;52;732;214;0
2013-05-31;205;121;27;19;550;189;0
2013-06-01;289;173;65;45;576;202;1
2013-06-02;301;192;92;74;669;409;1
2013-06-03;196;118;64;53;634;393;0
2013-06-04;194;111;68;56;655;303;0
2013-06-05;137;102;63;42;531;288;0
2013-06-06;200;121;58;38;708;255;0
2013-06-07;166;115;34;23;501;193;0
2013-06-08;200;157;60;39;552;290;1
2013-06-09;201;172;67;42;651;297;1
2013-06-10;147;146;46;43;547;518;0
2013-06-11;129;123;31;36;519;361;0
2013-06-12;131;106;46;24;643;182;0
2013-06-13;139;99;27;24;743;128;0
2013-06-14;168;152;33;30;521;146;0
2013-06-15;221;205;49;43;509;425;1
2013-06-16;224;194;75;46;582;252;1
2013-06-17;144;108;59;42;549;344;0
2013-06-18;181;127;48;33;592;296;0
2013-06-19;142;113;43;25;535;214;0
2013-06-20;119;106;34;31;607;173;0
2013-06-21;164;114;32;19;502;290;0
2013-06-22;227;168;60;32;583;195;1
2013-06-23;216;144;64;60;652;289;1
2013-06-24;140;129;53;42;475;341;0
2013-06-25;170;105;44;38;565;302;0
2013-06-26;120;118;31;25;569;176;0
2013-06-27;160;103;45;36;491;130;0
2013-06-28;128;126;30;28;514;159;0
2013-06-29;198;178;52;45;620;173;1
2013-06-30;226;181;67;60;658;379;1
2013-07-01;223;155;75;53;662;298;0
2013-07-02;249;114;86;40;713;187;0
2013-07-03;193;112;50;32;767;210;0
2013-07-04;177;127;55;25;747;158;0
2013-07-05;166;109;39;17;572;231;0
2013-07-06;207;161;56;46;515;215;1
2013-07-07;175;140;62;57;467;188;1
2013-07-08;199;156;49;33;534;269;0
2013-07-09;172;104;52;31;569;210;0
2013-07-10;149;113;48;25;634;245;0
2013-07-11;147;121;56;28;680;176;0
2013-07-12;156;113;31;38;518;192;0
2013-07-13;222;156;53;36;481;143;1
2013-07-14;238;126;76;35;501;143;1
2013-07-15;160;122;62;45;583;232;0
2013-07-16;211;106;54;46;524;186;0
2013-07-17;203;138;38;38;537;279;0
2013-07-18;202;108;59;26;673;128;0
2013-07-19;178;136;35;21;518;178;0
2013-07-20;252;146;48;41;462;181;1
2013-07-21;186;139;53;40;453;143;1
2013-07-22;168;138;42;45;490;256;0
2013-07-23;204;116;50;33;485;211;0
2013-07-24;148;115;55;28;436;77;0
2013-07-25;187;140;40;36;638;191;0
2013-07-26;169;157;35;30;551;126;0
2013-07-27;213;161;54;35;560;151;1
2013-07-28;200;126;69;34;473;169;1
2013-07-29;168;113;52;31;502;117;0
2013-07-30;175;146;56;41;428;260;0
2013-07-31;202;134;72;31;510;173;0
2013-08-01;256;136;56;41;829;167;0
2013-08-02;243;119;50;31;608;295;0
2013-08-03;226;133;56;40;618;155;1
2013-08-04;217;130;82;39;559;154;1
2013-08-05;210;140;48;42;634;282;0
2013-08-06;204;156;61;29;680;140;0
2013-08-07;173;144;46;35;508;206;0
2013-08-08;159;134;61;46;658;168;0
2013-08-09;171;125;55;53;486;158;0
2013-08-10;219;133;50;31;497;129;1
2013-08-11;185;127;60;52;477;135;1
2013-08-12;131;121;70;44;434;175;0
2013-08-13;188;124;41;50;455;211;0
2013-08-14;150;99;42;81;544;149;0
2013-08-15;166;110;46;35;654;125;0
2013-08-16;205;128;40;32;584;207;0
2013-08-17;205;154;44;46;542;193;1
2013-08-18;182;102;64;50;469;173;1
2013-08-19;144;104;67;48;606;284;0
2013-08-20;226;167;981;43;571;180;0
2013-08-21;185;100;33;41;548;124;0
2013-08-22;145;106;37;61;556;130;0
2013-08-23;174;143;41;34;458;161;0
2013-08-24;206;132;53;38;475;147;1
2013-08-25;184;99;61;44;512;167;1
2013-08-26;153;105;43;47;475;226;0
2013-08-27;172;84;34;26;474;158;0
2013-08-28;135;164;33;75;535;376;0
2013-08-29;133;130;38;41;735;253;0
2013-08-30;182;155;26;32;568;181;0
2013-08-31;208;172;53;48;595;318;1
2013-09-01;271;167;108;74;977;313;1
2013-09-02;210;136;108;72;789;260;0
2013-09-03;226;120;165;37;762;239;0
2013-09-04;194;117;87;37;608;295;0
2013-09-05;193;102;68;37;867;211;0
2013-09-06;137;130;72;33;417;196;0
2013-09-07;259;166;161;48;670;274;1
2013-09-08;257;189;125;77;693;270;1
2013-09-09;185;102;185;56;705;294;0
2013-09-10;124;97;44;30;527;201;0
2013-09-11;127;107;36;70;533;183;0
2013-09-12;149;119;69;31;702;190;0
2013-09-13;136;111;48;85;404;128;0
2013-09-14;217;140;103;56;570;228;1
2013-09-15;249;169;132;107;667;241;1
2013-09-16;147;110;170;59;462;266;0
2013-09-17;143;102;60;32;489;180;0
2013-09-18;166;107;107;38;474;194;0
2013-09-19;122;99;77;51;562;172;0
2013-09-20;142;114;37;50;526;155;0
2013-09-21;232;165;70;81;546;211;1
2013-09-22;211;170;77;51;640;277;1
2013-09-23;162;105;1013;99;490;217;0
2013-09-24;190;111;49;32;555;207;0
2013-09-25;140;129;81;47;449;158;0
2013-09-26;119;104;88;212;451;153;0
2013-09-27;138;129;184;45;478;221;0
2013-09-28;259;181;143;100;597;274;1
2013-09-29;279;216;227;73;626;368;1
2013-09-30;148;114;137;79;514;209;0
2013-10-01;197;122;213;59;629;222;0
2013-10-02;197;102;109;62;582;297;0
2013-10-03;212;179;134;94;799;177;0
2013-10-04;186;134;152;43;599;179;0
2013-10-05;289;204;167;81;692;446;1
2013-10-06;332;195;242;97;769;302;1
2013-10-07;177;123;73;45;458;226;0
2013-10-08;183;97;52;43;553;189;0
2013-10-09;177;129;109;71;537;184;0
2013-10-10;183;150;91;43;684;136;0
2013-10-11;205;131;125;24;536;104;0
2013-10-12;287;119;141;79;621;356;1
2013-10-13;276;174;120;138;761;276;1
2013-10-14;175;121;139;370;400;288;0
2013-10-15;162;111;107;37;439;193;0
2013-10-16;155;138;84;39;484;162;0
2013-10-17;164;96;121;27;587;143;0
2013-10-18;135;112;87;19;398;420;0
2013-10-19;259;170;85;52;624;367;1
2013-10-20;318;197;177;100;635;232;1
2013-10-21;212;129;996;88;518;152;0
2013-10-22;182;114;72;42;491;194;0
2013-10-23;142;98;189;57;482;172;0
2013-10-24;138;96;96;81;618;99;0
2013-10-25;159;108;40;78;372;111;0
2013-10-26;271;129;137;54;575;202;1
2013-10-27;250;163;192;41;540;367;1
2013-10-28;125;102;94;38;549;180;0
2013-10-29;184;108;81;84;407;183;0
2013-10-30;174;100;122;90;530;114;0
2013-10-31;179;89;155;24;520;68;0
2013-11-01;211;137;46;70;302;119;0
2013-11-02;337;151;247;158;533;141;1
2013-11-03;353;172;222;59;744;808;1
2013-11-04;171;158;211;49;448;237;0
2013-11-05;449;360;126;83;463;208;0
2013-11-06;384;385;191;97;529;166;0
2013-11-07;315;277;190;111;603;195;0
2013-11-08;296;393;135;142;593;176;0
2013-11-09;488;119;84;21;507;100;1
2013-11-10;752;395;435;70;681;225;1
2013-11-11;316;324;122;41;500;234;0
2013-11-12;345;349;120;46;509;229;0
2013-11-13;311;300;51;41;405;179;0
2013-11-14;296;268;130;24;529;142;0
2013-11-15;304;215;38;31;418;195;0
2013-11-16;565;437;175;35;656;187;1
2013-11-17;661;464;146;57;677;215;1
2013-11-18;379;389;1018;72;467;184;0
2013-11-19;370;267;52;40;508;167;0
2013-11-20;352;251;79;22;459;154;0
2013-11-21;323;249;153;17;620;142;0
2013-11-22;262;215;55;70;408;200;0
2013-11-23;457;290;148;72;482;154;1
2013-11-24;682;406;217;78;634;232;1
2013-11-25;367;358;77;29;438;238;0
2013-11-26;340;312;42;29;485;170;0
2013-11-27;279;250;89;71;468;145;0
2013-11-28;270;257;153;29;570;148;0
2013-11-29;288;251;41;54;613;221;0
2013-11-30;539;386;86;67;424;184;1
2013-12-01;991;669;160;115;785;309;1
2013-12-02;559;401;264;112;488;233;0
2013-12-03;628;342;254;48;557;236;0
2013-12-04;452;352;67;60;442;232;0
2013-12-05;427;300;155;186;765;167;0
2013-12-06;446;294;85;40;602;154;0
2013-12-07;627;362;127;116;627;138;1
2013-12-08;899;653;259;104;707;337;1
2013-12-09;511;338;194;199;459;251;0
2013-12-10;458;331;76;58;556;171;0
2013-12-11;449;314;104;57;472;198;0
2013-12-12;332;305;82;28;598;184;0
2013-12-13;372;223;37;71;455;121;0
2013-12-14;496;309;49;82;567;153;1
2013-12-15;772;508;186;131;628;224;1
2013-12-16;403;445;50;60;539;167;0
2013-12-17;434;336;51;85;497;180;0
2013-12-18;338;305;65;94;427;116;0
2013-12-19;411;277;49;75;580;234;0
2013-12-20;349;257;88;116;510;118;0
2013-12-21;451;306;68;188;482;103;1
2013-12-22;605;301;82;134;530;166;1
2013-12-23;653;376;1028;142;616;135;0
2013-12-24;566;350;75;89;528;161;0
2013-12-26;463;264;113;222;623;130;0
2013-12-27;411;289;303;111;461;111;0
2013-12-28;515;366;153;63;555;143;1
2013-12-29;676;289;160;72;554;131;1
2013-12-30;570;330;65;96;572;204;0
2013-12-31;616;395;60;90;692;187;0
2014-01-01;0;0;0;0;0;0;0
2014-01-02;618;456;293;206;835;228;0
2014-01-03;517;314;185;71;607;151;0
2014-01-04;689;457;195;91;641;210;1
2014-01-05;961;560;147;234;859;407;1
2014-01-06;461;217;184;28;568;111;0
2014-01-07;536;403;63;96;597;302;0
2014-01-08;434;293;151;62;534;125;0
2014-01-09;415;281;78;99;656;117;0
2014-01-10;367;253;80;72;675;166;0
2014-01-11;576;414;199;85;586;227;1
2014-01-12;914;506;158;274;721;175;1
2014-01-13;519;392;177;132;552;206;0
2014-01-14;473;337;201;91;578;230;0
2014-01-15;405;319;73;84;486;134;0
2014-01-16;432;249;98;47;796;183;0
2014-01-17;331;269;141;43;488;173;0
2014-01-18;565;371;117;209;665;206;1
2014-01-19;749;537;256;86;721;260;1
2014-01-20;429;364;55;130;942;156;0
2014-01-21;499;340;964;78;604;212;0
2014-01-22;396;331;36;100;484;165;0
2014-01-23;434;309;283;162;653;173;0
2014-01-24;415;296;168;115;591;197;0
2014-01-25;509;304;390;76;650;160;1
2014-01-26;888;442;450;123;766;232;1
2014-01-27;421;383;47;181;534;212;0
2014-01-28;444;307;271;61;486;205;0
2014-01-29;331;242;36;75;404;120;0
2014-01-30;404;204;48;77;649;132;0
2014-01-31;387;232;692;13;476;168;0
2014-02-01;737;389;257;73;879;216;1
2014-02-02;696;373;325;95;660;176;1
2014-02-03;578;359;280;86;661;173;0
2014-02-04;574;271;181;118;626;170;0
2014-02-05;507;281;217;52;527;168;0
2014-02-06;570;294;145;163;694;141;0
2014-02-07;429;245;31;83;629;200;0
2014-02-08;685;318;122;116;594;168;1
2014-02-09;738;304;271;94;627;181;1
2014-02-10;544;335;91;48;581;227;0
2014-02-11;540;278;67;89;536;208;0
2014-02-12;565;374;90;110;632;254;0
2014-02-13;495;358;120;88;776;188;0
2014-02-14;339;246;84;59;558;155;0
2014-02-15;622;362;153;43;707;166;1
2014-02-16;800;484;397;112;647;265;1
2014-02-17;508;380;118;83;656;178;0
2014-02-18;513;355;1129;171;496;176;0
2014-02-19;337;324;87;49;541;111;0
2014-02-20;337;272;114;23;649;116;0
2014-02-21;356;277;80;83;590;151;0
2014-02-22;564;447;97;98;556;238;1
2014-02-23;761;414;244;112;714;213;1
2014-02-24;468;393;137;91;503;198;0
2014-02-25;472;342;128;59;504;101;0
2014-02-26;389;339;86;61;466;202;0
2014-02-27;399;287;105;47;743;161;0
2014-02-28;406;226;115;92;450;139;0
2014-03-01;750;399;120;306;753;200;1
2014-03-02;853;331;192;119;701;169;1
2014-03-03;582;349;157;42;577;162;0
2014-03-04;598;453;166;47;588;229;0
2014-03-05;649;415;200;38;660;202;0
2014-03-06;610;339;171;93;629;172;0
2014-03-07;455;291;110;32;496;205;0
2014-03-08;695;352;55;89;645;147;1
2014-03-09;790;558;224;201;662;194;1
2014-03-10;509;463;140;49;563;172;0
2014-03-11;482;345;93;86;557;166;0
2014-03-12;433;353;243;143;503;175;0
2014-03-13;396;325;136;54;653;137;0
2014-03-14;350;281;56;76;523;142;0
2014-03-15;623;436;77;123;612;206;1
2014-03-16;915;495;211;94;731;207;1
2014-03-17;567;448;78;166;615;191;0
2014-03-18;455;284;96;50;562;130;0
2014-03-19;457;325;1003;177;580;163;0
2014-03-20;372;273;108;59;689;137;0
2014-03-21;435;269;64;28;496;189;0
2014-03-22;546;414;85;114;581;163;1
2014-03-23;830;462;264;88;724;233;1
2014-03-24;513;371;116;42;502;163;0
2014-03-25;520;343;44;79;561;134;0
2014-03-26;353;317;132;77;493;176;0
2014-03-27;429;305;139;96;678;139;0
2014-03-28;372;313;257;114;438;148;0
2014-03-29;596;390;206;86;574;160;1
2014-03-30;825;551;218;177;711;215;1
2014-03-31;566;444;391;73;535;193;0
2014-04-01;719;413;164;354;612;187;0
2014-04-02;690;376;254;181;632;202;0
2014-04-03;579;296;265;33;603;144;0
2014-04-04;521;322;144;26;610;168;0
2014-04-05;676;426;146;106;642;203;1
2014-04-06;976;575;223;208;846;227;1
2014-04-07;543;423;193;122;608;186;0
2014-04-08;570;349;137;94;506;175;0
2014-04-09;414;298;180;105;534;120;0
2014-04-10;424;334;97;98;717;141;0
2014-04-11;415;319;42;68;460;121;0
2014-04-12;585;414;89;171;545;212;1
2014-04-13;847;461;159;134;636;234;1
2014-04-14;517;410;999;114;523;181;0
2014-04-15;502;416;134;108;508;165;0
2014-04-16;571;392;175;125;508;120;0
2014-04-17;605;586;280;119;582;126;0
2014-04-18;713;519;219;306;530;93;0
2014-04-19;630;426;200;146;561;238;1
2014-04-20;1011;424;190;103;746;246;1
2014-04-21;454;341;119;174;449;155;0
2014-04-22;433;397;89;59;467;153;0
2014-04-23;416;278;180;115;411;110;0
2014-04-24;410;372;246;82;621;140;0
2014-04-25;340;285;61;91;453;204;0
2014-04-26;470;347;171;58;520;251;1
2014-04-27;839;412;282;137;680;180;1
2014-04-28;428;357;143;100;464;145;0
2014-04-29;411;483;90;140;489;183;0
2014-04-30;415;265;63;146;508;104;0
2014-05-01;589;337;168;40;871;186;0
2014-05-02;416;269;157;54;530;181;0
2014-05-03;704;356;295;163;617;300;1
2014-05-04;899;488;456;110;849;269;1
2014-05-05;535;417;167;102;506;217;0
2014-05-06;514;305;159;261;650;208;0
2014-05-07;507;332;112;88;645;169;0
2014-05-08;484;243;201;69;618;188;0
2014-05-09;369;254;44;44;545;110;0
2014-05-10;639;351;145;107;464;117;1
2014-05-11;686;387;264;48;533;485;1
2014-05-12;458;399;81;66;491;244;0
2014-05-13;393;397;134;67;568;190;0
2014-05-14;317;293;1101;46;448;188;0
2014-05-15;379;259;97;91;532;135;0
2014-05-16;310;200;65;119;554;202;0
2014-05-17;516;397;149;226;558;250;1
2014-05-18;806;398;302;155;643;240;1
2014-05-19;446;414;148;96;564;289;0
2014-05-20;456;422;69;113;480;180;0
2014-05-21;387;272;141;46;459;141;0
2014-05-22;374;264;160;70;689;141;0
2014-05-23;317;202;116;105;502;159;0
2014-05-24;555;336;181;90;608;241;1
2014-05-25;693;400;281;223;561;250;1
2014-05-26;451;391;144;124;620;185;0
2014-05-27;395;385;105;100;512;152;0
2014-05-28;422;262;182;55;480;132;0
2014-05-29;355;321;151;131;636;277;0
2014-05-30;381;249;41;81;528;170;0
2014-05-31;569;419;155;87;592;177;1
2014-06-01;1081;516;332;174;941;236;1
2014-06-02;492;403;289;136;640;227;0
2014-06-03;577;370;252;139;598;189;0
2014-06-04;489;303;136;67;609;179;0
2014-06-05;452;261;272;292;739;419;0
2014-06-06;441;256;129;66;574;129;0
2014-06-07;612;402;232;59;618;180;1
2014-06-08;847;426;199;181;756;244;1
2014-06-09;449;470;179;101;619;169;0
2014-06-10;493;331;248;106;552;179;0
2014-06-11;395;290;140;107;661;632;0
2014-06-12;332;254;88;159;614;134;0
2014-06-13;320;243;93;76;601;120;0
2014-06-14;580;370;79;135;576;218;1
2014-06-15;720;394;243;138;605;219;1
2014-06-16;634;384;1181;175;603;191;0
2014-06-17;455;288;73;102;631;201;0
2014-06-18;407;251;200;107;530;167;0
2014-06-19;392;307;141;56;616;200;0
2014-06-20;298;267;29;82;607;114;0
2014-06-21;454;301;80;81;642;180;1
2014-06-22;836;397;195;115;690;243;1
2014-06-23;484;328;122;90;522;219;0
2014-06-24;373;308;196;105;522;201;0
2014-06-25;383;299;165;42;512;188;0
2014-06-26;326;259;116;132;619;180;0
2014-06-27;388;287;37;68;475;149;0
2014-06-28;500;384;105;342;586;228;1
2014-06-29;570;440;84;76;597;344;1
2014-06-30;540;361;239;97;610;250;0
2014-07-01;697;355;203;191;686;175;0
2014-07-02;594;361;325;50;655;197;0
2014-07-03;577;334;230;69;857;174;0
2014-07-04;452;292;42;82;525;182;0
2014-07-05;662;455;78;66;650;205;1
2014-07-06;671;379;132;125;606;195;1
2014-07-07;550;317;161;207;604;245;0
2014-07-08;586;345;197;176;675;211;0
2014-07-09;453;336;193;45;543;148;0
2014-07-10;423;313;148;131;772;183;0
2014-07-11;415;272;151;89;556;154;0
2014-07-12;530;312;51;263;646;248;1
2014-07-13;570;362;181;145;630;206;1
2014-07-14;474;282;148;132;610;246;0
2014-07-15;476;280;232;77;626;227;0
2014-07-16;368;251;115;126;483;133;0
2014-07-17;430;328;114;45;600;171;0
2014-07-18;514;275;1083;72;562;148;0
2014-07-19;490;383;57;72;516;170;1
2014-07-20;631;347;169;127;526;159;1
2014-07-21;441;348;318;103;571;175;0
2014-07-22;473;279;128;307;625;222;0
2014-07-23;334;274;239;100;482;126;0
2014-07-24;376;298;128;58;668;144;0
2014-07-25;390;222;75;47;475;155;0
2014-07-26;437;385;96;140;581;178;1
2014-07-27;498;272;125;112;758;210;1
2014-07-28;438;324;116;66;636;246;0
2014-07-29;423;281;100;97;993;158;0
2014-07-30;374;225;123;44;838;169;0
2014-07-31;425;299;99;104;609;181;0
2014-08-01;519;295;201;143;586;178;0
2014-08-02;664;294;178;90;710;214;1
2014-08-03;619;334;289;129;672;180;1
2014-08-04;500;331;207;53;680;228;0
2014-08-05;567;305;127;150;813;145;0
2014-08-06;515;272;126;144;708;145;0
2014-08-07;378;270;102;76;705;190;0
2014-08-08;472;280;122;118;634;129;0
2014-08-09;487;318;122;86;663;169;1
2014-08-10;498;296;118;87;705;172;1
2014-08-11;522;291;91;54;735;201;0
2014-08-12;487;243;190;55;627;200;0
2014-08-13;409;306;144;100;504;209;0
2014-08-14;370;156;103;96;477;149;0
2014-08-15;446;261;91;116;527;181;0
2014-08-16;452;327;138;63;553;165;1
2014-08-17;552;346;157;129;468;174;1
2014-08-18;524;264;184;258;618;178;0
2014-08-19;472;257;346;61;575;158;0
2014-08-20;418;311;218;120;637;187;0
2014-08-21;375;289;103;158;654;177;0
2014-08-22;345;227;150;75;478;279;0
2014-08-23;507;296;112;156;613;165;1
2014-08-24;533;304;255;155;639;144;1
2014-08-25;429;286;1164;97;514;176;0
2014-08-26;421;247;145;164;612;204;0
2014-08-27;392;235;127;46;462;171;0
2014-08-28;376;226;97;97;718;148;0
2014-08-29;451;262;79;103;657;166;0
2014-08-30;554;342;288;75;635;163;1
2014-08-31;709;422;172;111;734;250;1
2014-09-01;657;406;333;91;778;282;0
2014-09-02;584;453;247;165;692;201;0
2014-09-03;565;325;194;81;692;167;0
2014-09-04;510;427;393;222;807;282;0
2014-09-05;466;266;70;106;729;141;0
2014-09-06;706;429;210;95;800;217;1
2014-09-07;995;482;399;151;985;335;1
2014-09-08;392;423;168;199;920;334;0
2014-09-09;450;372;227;101;702;227;0
2014-09-10;356;323;138;58;565;290;0
2014-09-11;345;307;201;111;683;254;0
2014-09-12;285;259;57;108;609;265;0
2014-09-13;539;268;263;125;689;396;1
2014-09-14;754;438;280;144;780;304;1
2014-09-15;462;392;133;94;617;325;0
2014-09-16;482;332;364;153;636;255;0
2014-09-17;404;324;105;91;554;243;0
2014-09-18;371;246;173;211;631;159;0
2014-09-19;309;218;155;172;534;252;0
2014-09-20;575;382;298;131;715;349;1
2014-09-21;667;426;217;182;813;320;1
2014-09-22;398;355;111;222;615;286;0
2014-09-23;488;306;486;189;715;237;0
2014-09-24;342;300;1165;205;556;333;0
2014-09-25;338;287;148;107;605;165;0
2014-09-26;367;244;99;29;475;166;0
2014-09-27;559;394;184;167;662;163;1
2014-09-28;726;434;194;158;672;187;1
2014-09-29;468;335;193;185;602;198;0
2014-09-30;445;381;234;73;542;158;0
2014-10-01;585;348;263;77;739;208;0
2014-10-02;623;309;239;83;843;240;0
2014-10-03;455;332;241;80;632;139;0
2014-10-04;775;430;231;134;800;272;1
2014-10-05;905;479;199;106;871;312;1
2014-10-06;565;410;212;156;625;250;0
2014-10-07;517;456;339;154;593;180;0
2014-10-08;416;362;91;213;561;179;0
2014-10-09;425;288;220;99;610;147;0
2014-10-10;503;269;167;158;605;205;0
2014-10-11;645;363;118;104;759;185;1
2014-10-12;811;505;290;335;774;296;1
2014-10-13;446;457;183;82;636;201;0
2014-10-14;411;334;112;165;551;314;0
2014-10-15;497;346;469;74;586;156;0
2014-10-16;431;334;440;166;825;177;0
2014-10-17;354;272;129;154;479;158;0
2014-10-18;509;381;160;118;570;151;1
2014-10-19;855;525;204;146;818;278;1
2014-10-20;473;410;103;193;597;196;0
2014-10-21;455;323;140;147;580;145;0
2014-10-22;351;325;238;42;475;151;0
2014-10-23;425;330;409;323;686;157;0
2014-10-24;336;213;116;66;525;148;0
2014-10-25;535;359;243;65;622;239;1
2014-10-26;828;524;251;254;785;249;1
2014-10-27;427;448;226;115;461;195;0
2014-10-28;357;317;271;241;494;169;0
2014-10-29;286;317;59;59;436;209;0
2014-10-30;360;256;321;73;562;151;0
2014-10-31;360;281;182;54;433;76;0
2014-11-01;808;345;439;358;689;122;1
2014-11-02;758;240;272;51;664;107;1
2014-11-03;791;553;248;231;636;271;0
2014-11-04;573;557;417;190;583;217;0
2014-11-05;541;359;165;68;591;231;0
2014-11-06;474;300;165;90;737;230;0
2014-11-07;428;353;107;134;444;177;0
2014-11-08;659;177;235;67;589;76;1
2014-11-09;891;610;257;202;784;262;1
2014-11-10;450;330;272;46;554;239;0
2014-11-11;460;314;317;136;639;160;0
2014-11-12;326;354;138;123;519;223;0
2014-11-13;432;314;227;153;688;179;0
2014-11-14;340;284;118;148;584;141;0
2014-11-15;608;333;222;306;667;149;1
2014-11-16;816;539;394;250;752;299;1
2014-11-17;514;436;114;68;596;261;0
2014-11-18;424;408;244;120;558;150;0
2014-11-19;438;321;61;26;589;167;0
2014-11-20;361;340;305;72;653;232;0
2014-11-21;334;230;211;70;561;178;0
2014-11-22;497;390;322;152;517;111;1
2014-11-23;804;537;264;183;730;313;1
2014-11-24;445;345;255;94;537;227;0
2014-11-25;400;350;186;134;512;229;0
2014-11-26;319;360;224;67;519;213;0
2014-11-27;362;290;178;84;596;145;0
2014-11-28;351;282;124;60;500;159;0
2014-11-29;597;473;180;145;673;226;1
2014-11-30;878;551;279;177;762;296;1
2014-12-01;651;507;187;189;600;273;0
2014-12-02;600;358;391;148;698;242;0
2014-12-03;500;352;529;87;557;113;0
2014-12-04;448;377;519;104;751;134;0
2014-12-05;398;297;102;105;585;168;0
2014-12-06;668;396;319;143;635;198;1
2014-12-07;979;506;385;111;748;248;1
2014-12-08;481;399;246;199;668;190;0
2014-12-09;458;325;234;126;515;195;0
2014-12-10;432;315;161;112;560;131;0
2014-12-11;362;291;394;69;467;213;0
2014-12-12;312;271;69;103;474;133;0
2014-12-13;461;369;138;121;583;146;1
2014-12-14;711;494;237;208;751;278;1
2014-12-15;504;467;106;111;510;164;0
2014-12-16;458;385;134;285;542;182;0
2014-12-17;534;382;225;100;483;170;0
2014-12-18;368;336;250;144;648;216;0
2014-12-19;421;325;33;77;438;218;0
2014-12-20;436;384;197;168;586;158;1
2014-12-21;643;458;293;164;666;237;1
2014-12-22;485;420;210;164;937;167;0
2014-12-23;544;398;92;101;657;140;0
2014-12-24;533;331;158;122;548;104;0
2014-12-26;492;383;155;203;631;191;0
2014-12-27;514;266;306;107;613;127;1
2014-12-28;530;263;190;92;601;154;1
2014-12-29;422;352;217;166;597;158;0
2014-12-30;559;369;304;85;670;171;0
2014-12-31;586;340;117;176;595;126;0
2015-01-01;0;0;0;0;0;0;0
2015-01-02;710;385;459;257;1022;213;0
2015-01-03;745;419;225;168;794;223;1
2015-01-04;965;521;559;258;729;308;1
2015-01-05;569;456;243;187;595;175;0
2015-01-06;552;332;348;45;620;169;0
2015-01-07;446;316;129;148;540;180;0
2015-01-08;437;282;400;185;667;199;0
2015-01-09;410;298;75;147;471;155;0
2015-01-10;616;343;204;240;616;190;1
2015-01-11;843;480;232;214;842;290;1
2015-01-12;456;377;108;132;550;213;0
2015-01-13;513;286;148;83;621;189;0
2015-01-14;418;391;238;82;568;545;0
2015-01-15;416;370;384;150;608;201;0
2015-01-16;337;261;111;36;576;153;0
2015-01-17;558;351;170;126;678;179;1
2015-01-18;796;446;384;113;656;256;1
2015-01-19;455;419;212;110;516;321;0
2015-01-20;415;322;203;171;575;172;0
2015-01-21;382;309;88;132;529;184;0
2015-01-22;341;236;325;148;574;204;0
2015-01-23;306;307;169;71;468;147;0
2015-01-24;615;375;257;181;619;180;1
2015-01-25;848;461;467;145;865;238;1
2015-01-26;386;360;186;185;478;296;0
2015-01-27;450;357;148;100;687;209;0
2015-01-28;420;282;144;116;448;162;0
2015-01-29;331;264;247;91;647;135;0
2015-01-30;414;291;76;94;530;202;0
2015-01-31;562;371;251;178;701;205;1
2015-02-01;980;711;376;263;922;293;1
2015-02-02;600;448;355;76;685;252;0
2015-02-03;607;404;177;95;732;217;0
2015-02-04;518;320;121;125;560;186;0
2015-02-05;427;304;264;213;793;239;0
2015-02-06;417;216;166;134;511;152;0
2015-02-07;634;334;328;165;780;204;1
2015-02-08;763;393;280;121;856;246;1
2015-02-09;443;293;180;133;602;215;0
2015-02-10;398;305;189;146;572;162;0
2015-02-11;380;230;136;179;590;108;0
2015-02-12;401;200;236;94;817;119;0
2015-02-13;405;238;150;120;621;157;0
2015-02-14;537;314;296;122;624;152;1
2015-02-15;554;245;180;115;620;124;1
2015-02-16;457;285;173;105;711;163;0
2015-02-17;417;367;214;121;582;190;0
2015-02-18;483;286;315;122;637;159;0
2015-02-19;388;245;170;246;770;236;0
2015-02-20;466;271;66;75;564;138;0
2015-02-21;611;424;167;145;760;190;1
2015-02-22;877;568;398;69;792;258;1
2015-02-23;496;377;160;62;591;141;0
2015-02-24;465;312;197;58;617;152;0
2015-02-25;426;342;206;33;509;172;0
2015-02-26;350;273;290;134;701;149;0
2015-02-27;355;288;119;78;672;185;0
2015-02-28;678;422;131;125;711;289;1
2015-03-01;972;515;346;215;921;302;1
2015-03-02;638;476;213;114;807;298;0
2015-03-03;626;376;335;182;656;222;0
2015-03-04;475;379;224;134;707;261;0
2015-03-05;552;386;185;134;830;315;0
2015-03-06;448;279;235;108;576;189;0
2015-03-07;737;449;158;133;829;257;1
2015-03-08;806;432;290;111;756;292;1
2015-03-09;579;388;239;140;700;290;0
2015-03-10;544;360;140;116;735;215;0
2015-03-11;436;358;210;114;655;222;0
2015-03-12;372;324;45;113;692;205;0
2015-03-13;404;211;79;142;629;191;0
2015-03-14;451;359;135;134;688;231;1
2015-03-15;840;472;383;105;716;361;1
2015-03-16;510;394;119;139;574;226;0
2015-03-17;496;393;289;49;690;191;0
2015-03-18;375;331;150;70;672;242;0
2015-03-19;498;292;95;70;643;179;0
2015-03-20;369;284;216;220;580;125;0
2015-03-21;633;357;230;59;640;220;1
2015-03-22;757;595;190;163;706;360;1
2015-03-23;433;304;88;156;570;212;0
2015-03-24;496;282;356;98;609;194;0
2015-03-25;364;286;112;42;559;172;0
2015-03-26;314;367;269;74;671;247;0
2015-03-27;434;283;109;80;574;255;0
2015-03-28;545;375;141;181;585;188;1
2015-03-29;756;336;165;74;804;202;1
2015-03-30;438;341;255;74;577;204;0
2015-03-31;582;347;315;74;630;206;0
2015-04-01;769;352;188;74;672;209;0
2015-04-02;921;358;239;74;674;211;0
2015-04-03;898;363;239;74;661;213;0
2015-04-04;683;369;293;74;796;215;1
2015-04-05;944;374;376;75;1070;218;1
2015-04-06;577;380;152;75;694;220;0
2015-04-07;590;385;155;75;631;222;0
2015-04-08;481;390;137;75;740;224;0
2015-04-09;376;396;103;75;702;227;0
2015-04-10;367;401;94;75;526;229;0
2015-04-11;588;407;178;75;675;231;1
2015-04-12;885;412;224;75;752;233;1
2015-04-13;441;418;157;75;528;236;0
2015-04-14;446;423;117;75;575;238;0
2015-04-15;521;429;195;75;603;240;0
2015-04-16;430;434;107;75;583;242;0
2015-04-17;356;439;338;76;515;245;0
2015-04-18;696;445;104;76;684;247;1
2015-04-19;900;450;273;76;851;249;1
2015-04-20;465;456;136;76;684;251;0
2015-04-21;448;461;104;76;659;254;0
2015-04-22;312;467;121;76;524;256;0
2015-04-23;378;472;155;76;648;258;0
2015-04-24;393;478;118;76;537;260;0
2015-04-25;548;483;153;76;536;263;1
2015-04-26;768;488;285;76;688;265;1
2015-04-27;460;494;174;76;539;267;0
2015-04-28;365;499;75;76;507;269;0
2015-04-29;354;505;92;77;557;272;0
2015-04-30;447;510;88;77;763;274;0
2015-05-01;633;516;234;77;780;276;0
2015-05-02;896;521;231;77;952;278;1
2015-05-03;1028;526;312;77;1092;281;1
2015-05-04;574;532;222;77;651;283;0
2015-05-05;607;537;360;77;735;285;0
2015-05-06;559;543;168;77;824;287;0
2015-05-07;529;548;132;77;869;290;0
2015-05-08;392;554;96;77;660;292;0
2015-05-09;666;559;117;77;712;294;1
2015-05-10;812;565;254;77;775;296;1
2015-05-11;518;570;193;78;661;299;0
2015-05-12;466;575;95;78;665;301;0
2015-05-13;386;581;212;78;582;303;0
2015-05-14;433;586;62;78;766;305;0
2015-05-15;364;592;159;78;538;308;0
2015-05-16;605;597;126;78;570;310;1
2015-05-17;857;603;259;78;837;312;1
2015-05-18;459;608;380;78;609;314;0
2015-05-19;449;614;128;78;663;317;0
2015-05-20;402;619;149;78;538;319;0
2015-05-21;400;624;80;78;491;321;0
2015-05-22;347;630;49;78;591;323;0
2015-05-23;612;635;338;79;642;326;1
2015-05-24;752;641;160;79;686;328;1
2015-05-25;490;646;127;79;613;330;0
2015-05-26;424;652;145;79;555;332;0
2015-05-27;381;657;182;79;555;335;0
2015-05-28;407;663;282;79;533;337;0
2015-05-29;399;668;118;79;544;339;0
2015-05-30;671;781;189;72;689;485;1
2015-05-31;1019;879;221;98;915;398;1
2015-06-01;703;531;235;58;643;255;0
2015-06-02;533;548;319;126;657;190;0
2015-06-03;546;359;208;50;662;215;0
2015-06-04;542;481;212;63;742;198;0
2015-06-05;468;306;49;49;577;206;0
2015-06-06;665;517;151;64;651;189;1
2015-06-07;913;639;226;77;774;293;1
2015-06-08;503;494;171;79;657;269;0
2015-06-09;478;350;104;37;640;204;0
2015-06-10;403;356;99;89;485;191;0
2015-06-11;357;316;100;50;519;203;0
2015-06-12;362;259;66;88;488;152;0
2015-06-13;561;423;116;89;715;263;1
2015-06-14;729;441;132;73;758;312;1
2015-06-15;543;362;428;38;535;190;0
2015-06-16;486;371;144;54;591;216;0
2015-06-17;408;348;191;153;524;198;0
2015-06-18;493;320;115;39;653;148;0
2015-06-19;403;314;50;28;483;164;0
2015-06-20;541;448;135;40;681;187;1
2015-06-21;724;449;241;45;643;226;1
2015-06-22;509;381;173;109;591;229;0
2015-06-23;476;347;148;66;550;173;0
2015-06-24;411;329;92;74;419;190;0
2015-06-25;373;282;75;61;637;164;0
2015-06-26;430;326;35;26;515;203;0
2015-06-27;553;358;168;88;602;204;1
2015-06-28;748;473;178;102;774;222;1
2015-06-29;428;329;170;75;526;204;0
2015-06-30;542;325;153;63;468;212;0
2015-07-01;609;404;238;68;627;258;0
2015-07-02;623;423;179;38;740;179;0
2015-07-03;436;284;81;38;533;176;0
2015-07-04;712;416;166;127;643;203;1
2015-07-05;741;388;290;65;700;230;1
2015-07-06;573;369;240;80;644;222;0
2015-07-07;601;350;122;73;664;196;0
2015-07-08;539;241;128;86;596;148;0
2015-07-09;447;259;155;92;667;200;0
2015-07-10;379;260;227;30;542;148;0
2015-07-11;567;399;177;136;613;187;1
2015-07-12;597;407;217;71;570;219;1
2015-07-13;447;367;131;131;588;188;0
2015-07-14;442;308;94;41;522;165;0
2015-07-15;470;332;159;86;509;177;0
2015-07-16;484;270;181;68;576;115;0
2015-07-17;445;219;99;28;532;189;0
2015-07-18;478;314;166;44;506;164;1
2015-07-19;507;345;116;156;560;190;1
2015-07-20;544;382;268;115;524;166;0
2015-07-21;552;224;90;49;579;134;0
2015-07-22;423;346;93;31;460;148;0
2015-07-23;325;285;150;53;546;171;0
2015-07-24;481;325;188;19;570;177;0
2015-07-25;488;349;121;59;581;143;1
2015-07-26;657;359;158;74;593;193;1
2015-07-27;431;337;173;52;635;201;0
2015-07-28;402;317;92;100;537;195;0
2015-07-29;364;282;65;87;510;183;0
2015-07-30;346;254;76;52;470;146;0
2015-07-31;496;292;57;18;568;140;0
2015-08-01;633;437;329;40;650;183;1
2015-08-02;752;349;201;49;632;188;1
2015-08-03;594;335;219;83;696;197;0
2015-08-04;625;374;90;60;598;163;0
2015-08-05;551;291;147;61;552;154;0
2015-08-06;555;292;93;88;782;177;0
2015-08-07;480;287;52;26;678;195;0
2015-08-08;599;324;81;60;564;166;1
2015-08-09;602;297;101;51;661;144;1
2015-08-10;540;318;385;64;616;202;0
2015-08-11;464;318;61;88;553;186;0
2015-08-12;453;344;94;59;510;185;0
2015-08-13;387;331;116;65;649;167;0
2015-08-14;451;523;118;267;490;436;0
2015-08-15;515;552;188;169;628;332;1
2015-08-16;575;305;193;24;590;215;1
2015-08-17;520;298;231;18;569;178;0
2015-08-18;472;260;32;87;477;159;0
2015-08-19;552;260;65;47;486;139;0
2015-08-20;498;257;36;126;646;169;0
2015-08-21;383;315;76;36;472;162;0
2015-08-22;576;272;157;95;532;142;1
2015-08-23;576;290;152;60;524;179;1
2015-08-24;419;253;141;49;569;174;0
2015-08-25;433;283;126;98;557;179;0
2015-08-26;386;254;54;15;486;156;0
2015-08-27;397;259;49;38;682;186;0
2015-08-28;324;270;58;62;459;161;0
2015-08-29;554;350;210;128;531;157;1
2015-08-30;661;332;136;68;760;206;1
2015-08-31;605;389;166;91;649;211;0
2015-09-01;732;351;181;103;674;190;0
2015-09-02;624;358;265;51;615;163;0
2015-09-03;560;296;62;84;672;201;0
2015-09-04;466;311;87;39;546;134;0
2015-09-05;695;385;209;47;717;245;1
2015-09-06;915;411;224;178;978;234;1
2015-09-07;565;444;401;33;630;274;0
2015-09-08;526;324;178;61;590;224;0
2015-09-09;506;307;67;36;539;175;0
2015-09-10;382;305;79;52;533;147;0
2015-09-11;362;238;99;36;405;183;0
2015-09-12;538;288;174;95;548;118;1
2015-09-13;740;505;161;52;899;247;1
2015-09-14;461;380;192;65;671;215;0
2015-09-15;455;310;94;57;574;181;0
2015-09-16;472;273;67;29;555;158;0
2015-09-17;348;261;57;20;487;148;0
2015-09-18;362;219;101;35;428;114;0
2015-09-19;560;366;214;37;609;191;1
2015-09-20;750;406;237;59;882;200;1
2015-09-21;444;352;138;74;552;221;0
2015-09-22;452;280;171;29;593;195;0
2015-09-23;393;381;166;20;510;201;0
2015-09-24;357;308;88;24;512;177;0
2015-09-25;365;293;145;24;597;166;0
2015-09-26;545;379;231;86;632;173;1
2015-09-27;642;454;188;107;765;233;1
2015-09-28;415;361;147;181;517;221;0
2015-09-29;426;309;125;33;547;149;0
2015-09-30;429;341;73;28;528;135;0
2015-10-01;526;420;269;24;597;229;0
2015-10-02;493;399;84;27;549;152;0
2015-10-03;792;461;167;101;692;193;1
2015-10-04;1059;592;230;56;867;362;1
2015-10-05;549;455;91;42;603;135;0
2015-10-06;505;321;156;26;626;156;0
2015-10-07;525;329;115;63;503;127;0
2015-10-08;429;256;169;41;583;156;0
2015-10-09;621;348;106;40;698;152;0
2015-10-10;479;426;102;104;609;164;1
2015-10-11;928;433;239;60;912;238;1
2015-10-12;518;415;52;101;555;212;0
2015-10-13;418;328;109;20;523;144;0
2015-10-14;405;373;147;81;485;184;0
2015-10-15;389;308;84;68;535;141;0
2015-10-16;409;303;135;39;511;173;0
2015-10-17;576;472;164;75;586;194;1
2015-10-18;901;494;263;38;989;251;1
2015-10-19;526;302;175;51;546;161;0
2015-10-20;457;383;60;71;500;169;0
2015-10-21;422;310;85;43;451;166;0
2015-10-22;370;288;126;36;423;123;0
2015-10-23;364;253;101;25;513;123;0
2015-10-24;642;436;183;101;454;163;1
2015-10-25;791;538;198;65;850;282;1
2015-10-26;489;398;236;45;471;186;0
2015-10-27;430;326;55;63;424;146;0
2015-10-28;342;334;83;46;404;142;0
2015-10-29;362;262;79;31;441;126;0
2015-10-30;345;173;41;15;418;95;0
2015-10-31;724;387;114;54;570;114;1
2015-11-01;839;263;276;41;684;122;1
2015-11-02;719;239;176;33;554;158;0
2015-11-03;833;519;130;85;584;231;0
2015-11-04;566;492;169;50;535;243;0
2015-11-05;459;376;218;32;441;155;0
2015-11-06;412;291;70;52;417;147;0
2015-11-07;621;393;255;92;605;127;1
2015-11-08;879;505;231;63;788;267;1
2015-11-09;478;385;179;55;588;186;0
2015-11-10;495;367;164;34;480;147;0
2015-11-11;393;276;62;41;524;112;0
2015-11-12;375;261;125;21;476;179;0
2015-11-13;360;298;50;33;370;137;0
2015-11-14;626;363;140;93;542;182;1
2015-11-15;879;479;244;72;780;225;1
2015-11-16;499;399;255;115;443;177;0
2015-11-17;418;296;173;54;463;188;0
2015-11-18;451;333;106;24;476;116;0
2015-11-19;356;307;18;60;451;128;0
2015-11-20;329;346;145;20;504;139;0
2015-11-21;558;444;183;32;613;179;1
2015-11-22;640;376;247;45;819;208;1
2015-11-23;461;379;274;46;520;178;0
2015-11-24;489;309;54;45;551;167;0
2015-11-25;406;351;164;37;515;166;0
2015-11-26;338;280;62;24;459;138;0
2015-11-27;367;251;134;37;364;111;0
2015-11-28;535;363;114;94;549;160;1
2015-11-29;779;456;146;105;884;237;1
2015-11-30;525;461;201;41;481;176;0
2015-12-01;690;393;130;50;629;196;0
2015-12-02;680;503;86;146;659;164;0
2015-12-03;524;303;133;27;548;164;0
2015-12-04;475;279;65;35;448;176;0
2015-12-05;699;407;196;43;537;177;1
2015-12-06;999;486;284;62;749;242;1
2015-12-07;558;429;181;46;643;172;0
2015-12-08;467;297;87;65;565;160;0
2015-12-09;479;379;134;87;348;121;0
2015-12-10;375;271;114;15;424;117;0
2015-12-11;380;252;59;19;503;132;0
2015-12-12;540;427;82;86;563;180;1
2015-12-13;779;508;126;74;674;232;1
2015-12-14;467;346;172;61;462;171;0
2015-12-15;422;342;135;88;401;175;0
2015-12-16;438;409;144;38;419;155;0
2015-12-17;418;333;162;44;448;128;0
2015-12-18;450;223;47;27;602;117;0
2015-12-19;605;448;107;61;492;119;1
2015-12-20;761;457;147;105;738;194;1
2015-12-21;511;404;219;54;598;199;0
2015-12-22;754;401;57;41;572;174;0
2015-12-23;603;407;91;96;428;108;0
2015-12-24;887;470;66;72;571;117;0
2015-12-26;563;379;112;29;545;192;1
2015-12-27;595;356;91;79;652;136;1
2015-12-28;453;325;244;43;503;155;0
2015-12-29;510;367;59;28;449;91;0
2015-12-30;524;357;194;22;477;118;0
2015-12-31;625;394;92;73;591;140;0
2016-01-01;0;0;0;0;0;0;0
2016-01-02;867;523;178;45;812;193;1
2016-01-03;1016;630;286;153;784;289;1
2016-01-04;773;492;206;98;560;180;0
2016-01-05;614;475;144;27;600;146;0
2016-01-06;493;390;100;45;494;133;0
2016-01-07;399;339;71;34;581;182;0
2016-01-08;444;279;151;31;420;153;0
2016-01-09;642;426;165;72;553;208;1
2016-01-10;997;533;202;104;915;228;1
2016-01-11;546;380;242;58;518;153;0
2016-01-12;462;354;136;32;511;138;0
2016-01-13;418;347;144;25;421;150;0
2016-01-14;396;292;77;32;507;130;0
2016-01-15;420;322;136;23;452;149;0
2016-01-16;680;545;119;52;581;189;1
2016-01-17;841;517;265;103;739;225;1
2016-01-18;455;415;74;52;467;184;0
2016-01-19;509;322;149;55;512;135;0
2016-01-20;461;346;114;46;459;146;0
2016-01-21;351;327;43;104;450;168;0
2016-01-22;418;265;90;37;434;142;0
2016-01-23;608;390;80;51;575;188;1
2016-01-24;774;525;198;122;813;235;1
2016-01-25;447;442;132;66;562;184;0
2016-01-26;411;356;95;34;532;204;0
2016-01-27;334;393;120;52;525;144;0
2016-01-28;334;339;85;52;447;117;0
2016-01-29;462;318;33;51;494;134;0
2016-01-30;570;514;171;108;589;174;1
2016-01-31;951;473;124;40;725;246;1
2016-02-01;717;429;182;80;621;239;0
2016-02-02;680;468;93;43;584;174;0
2016-02-03;517;378;69;47;585;158;0
2016-02-04;591;359;132;35;597;156;0
2016-02-05;502;269;74;24;440;144;0
2016-02-06;750;454;107;76;714;187;1
2016-02-07;696;327;168;200;744;157;1
2016-02-08;541;321;164;77;580;122;0
2016-02-09;544;331;97;48;610;146;0
2016-02-10;553;395;132;71;501;164;0
2016-02-11;462;332;35;52;490;165;0
2016-02-12;480;311;80;42;518;140;0
2016-02-13;551;485;131;44;603;212;1
2016-02-14;775;578;185;49;657;205;1
2016-02-15;555;415;192;74;560;224;0
2016-02-16;607;372;116;56;595;212;0
2016-02-17;609;401;117;26;633;180;0
2016-02-18;429;399;67;33;370;137;0
2016-02-19;454;302;113;51;459;95;0
2016-02-20;590;529;83;39;639;180;1
2016-02-21;850;570;211;104;849;225;1
2016-02-22;483;496;123;35;564;205;0
2016-02-23;447;466;43;90;509;176;0
2016-02-24;497;455;105;44;508;154;0
2016-02-25;368;347;52;43;503;142;0
2016-02-26;471;307;171;68;515;168;0
2016-02-27;596;474;108;38;588;229;1
2016-02-28;870;575;172;111;760;206;1
2016-02-29;512;408;84;55;465;143;0
2016-03-01;895;534;185;73;719;239;0
2016-03-02;782;463;146;51;554;183;0
2016-03-03;607;397;85;19;584;169;0
2016-03-04;597;426;97;26;558;144;0
2016-03-05;763;466;164;54;725;193;1
2016-03-06;1062;544;242;91;990;231;1
2016-03-07;524;418;205;123;636;156;0
2016-03-08;587;429;172;81;664;146;0
2016-03-09;614;448;68;31;474;136;0
2016-03-10;452;394;56;44;508;159;0
2016-03-11;462;341;67;44;496;144;0
2016-03-12;637;511;100;80;585;190;1
2016-03-13;765;532;119;124;845;234;1
2016-03-14;520;470;118;45;480;172;0
2016-03-15;596;407;114;59;619;161;0
2016-03-16;520;433;168;31;559;179;0
2016-03-17;448;379;94;26;508;137;0
2016-03-18;370;348;100;37;517;134;0
2016-03-19;614;428;147;73;609;151;1
2016-03-20;851;507;181;119;782;216;1
2016-03-21;550;343;262;128;624;128;0
2016-03-22;569;368;65;34;536;142;0
2016-03-23;715;483;139;49;445;139;0
2016-03-24;716;446;282;85;466;125;0
2016-03-25;705;428;192;81;520;127;0
2016-03-26;599;445;133;59;589;140;1
2016-03-27;799;586;238;100;737;215;1
2016-03-28;467;465;184;59;482;141;0
2016-03-29;514;527;62;63;514;168;0
2016-03-30;439;406;41;26;411;105;0
2016-03-31;476;263;59;26;558;146;0
2016-04-01;717;472;158;69;619;182;0
2016-04-02;921;590;191;78;772;185;1
2016-04-03;1308;627;131;125;1040;230;1
2016-04-04;547;521;271;54;722;177;0
2016-04-05;652;435;101;101;658;232;0
2016-04-06;675;481;170;47;528;156;0
2016-04-07;539;352;108;36;544;146;0
2016-04-08;604;387;65;29;480;127;0
2016-04-09;728;532;98;101;563;171;1
2016-04-10;986;632;265;154;821;292;1
2016-04-11;553;493;200;48;546;153;0
2016-04-12;635;482;102;35;614;153;0
2016-04-13;627;427;71;52;513;134;0
2016-04-14;422;388;38;20;501;121;0
2016-04-15;625;348;41;68;530;161;0
2016-04-16;771;539;121;92;675;143;1
2016-04-17;1074;696;162;99;835;267;1
2016-04-18;703;557;152;122;666;242;0
2016-04-19;628;452;44;55;585;152;0
2016-04-20;586;578;169;22;573;153;0
2016-04-21;564;467;58;51;636;134;0
2016-04-22;481;433;57;36;454;149;0
2016-04-23;741;504;174;46;630;214;1
2016-04-24;977;587;206;166;969;261;1
2016-04-25;618;482;101;32;624;238;0
2016-04-26;549;429;82;60;536;149;0
2016-04-27;525;457;147;30;515;133;0
2016-04-28;372;330;77;21;536;131;0
2016-04-29;448;439;73;97;531;162;0
2016-04-30;755;517;88;73;691;160;1
2016-05-01;1365;666;224;107;1034;230;1
2016-05-02;698;640;236;43;605;328;0
2016-05-03;784;528;132;33;680;216;0
2016-05-04;725;539;153;26;624;162;0
2016-05-05;614;438;131;29;628;186;0
2016-05-06;546;405;168;21;574;161;0
2016-05-07;824;560;109;49;661;182;1
2016-05-08;808;511;118;39;825;214;1
2016-05-09;650;534;158;49;642;187;0
2016-05-10;603;464;103;21;621;240;0
2016-05-11;672;446;78;15;507;127;0
2016-05-12;480;415;90;31;572;162;0
2016-05-13;381;444;192;28;442;135;0
2016-05-14;642;506;129;94;561;155;1
2016-05-15;1005;679;310;74;818;275;1
2016-05-16;629;476;206;54;697;192;0
2016-05-17;547;420;99;37;548;160;0
2016-05-18;618;482;116;40;444;166;0
2016-05-19;449;430;48;87;543;166;0
2016-05-20;517;391;115;50;429;143;0
2016-05-21;688;496;128;78;636;180;1
2016-05-22;1067;668;187;137;870;272;1
2016-05-23;642;484;90;51;583;199;0
2016-05-24;551;465;78;39;502;182;0
2016-05-25;551;519;102;72;560;190;0
2016-05-26;462;386;79;22;555;140;0
2016-05-27;640;423;209;34;630;181;0
2016-05-28;749;442;129;71;730;173;1
2016-05-29;918;594;150;80;816;251;1
2016-05-30;656;483;160;63;581;186;0
2016-05-31;713;601;329;92;679;201;0
2016-06-01;805;578;227;30;658;201;0
2016-06-02;670;481;95;76;643;188;0
2016-06-03;638;413;169;73;598;189;0
2016-06-04;821;631;115;70;686;230;1
2016-06-05;1014;608;314;66;897;302;1
2016-06-06;583;480;209;70;656;191;0
2016-06-07;550;531;216;35;648;199;0
2016-06-08;605;410;111;52;539;182;0
2016-06-09;474;438;84;15;608;188;0
2016-06-10;449;393;68;36;487;117;0
2016-06-11;613;462;137;77;664;175;1
2016-06-12;886;580;149;78;784;311;1
2016-06-13;566;417;115;208;632;208;0
2016-06-14;454;379;67;91;521;166;0
2016-06-15;647;441;184;82;491;135;0
2016-06-16;434;403;230;132;596;176;0
2016-06-17;460;401;74;30;637;139;0
2016-06-18;688;447;90;63;565;197;1
2016-06-19;844;530;118;52;862;198;1
2016-06-20;563;438;104;225;632;247;0
2016-06-21;442;531;99;61;556;177;0
2016-06-22;460;503;54;63;457;165;0
2016-06-23;516;406;75;62;634;191;0
2016-06-24;444;334;114;56;492;133;0
2016-06-25;614;439;111;222;623;170;1
2016-06-26;801;543;132;73;796;238;1
2016-06-27;431;459;227;128;557;238;0
2016-06-28;409;406;78;25;502;170;0
2016-06-29;484;408;77;30;513;158;0
2016-06-30;534;308;82;146;575;153;0
2016-07-01;627;439;142;42;562;183;0
2016-07-02;825;471;300;104;776;204;1
2016-07-03;711;501;129;124;703;221;1
2016-07-04;750;509;254;59;718;218;0
2016-07-05;773;377;186;126;722;178;0
2016-07-06;703;412;115;41;598;153;0
2016-07-07;537;368;126;31;609;225;0
2016-07-08;492;359;149;113;539;97;0
2016-07-09;624;471;167;82;625;177;1
2016-07-10;673;451;133;46;742;216;1
2016-07-11;560;365;130;37;568;181;0
2016-07-12;492;404;89;114;584;163;0
2016-07-13;565;409;95;34;454;136;0
2016-07-14;415;357;110;31;494;151;0
2016-07-15;551;366;135;67;521;128;0
2016-07-16;559;401;133;50;599;193;1
2016-07-17;677;408;144;62;740;213;1
2016-07-18;554;384;242;83;550;168;0
2016-07-19;528;334;101;45;513;158;0
2016-07-20;524;426;148;33;599;143;0
2016-07-21;446;332;49;55;448;134;0
2016-07-22;434;277;47;48;491;126;0
2016-07-23;506;347;143;41;595;127;1
2016-07-24;578;434;196;97;705;158;1
2016-07-25;560;349;160;80;569;172;0
2016-07-26;498;350;204;79;598;162;0
2016-07-27;499;338;93;45;524;129;0
2016-07-28;364;342;85;38;504;156;0
2016-07-29;459;283;140;52;511;118;0
2016-07-30;644;494;177;86;565;156;1
2016-07-31;680;475;239;123;740;217;1
2016-08-01;872;487;270;121;609;184;0
2016-08-02;697;435;113;72;693;180;0
2016-08-03;810;438;191;59;612;125;0
2016-08-04;596;356;190;39;541;151;0
2016-08-05;487;386;215;53;584;150;0
2016-08-06;550;365;69;111;589;173;1
2016-08-07;673;405;261;84;662;200;1
2016-08-08;633;360;210;105;655;189;0
2016-08-09;487;324;181;63;527;144;0
2016-08-10;597;345;127;37;500;150;0
2016-08-11;447;312;89;68;582;141;0
2016-08-12;519;312;178;62;738;107;0
2016-08-13;480;314;44;77;544;116;1
2016-08-14;539;399;156;65;507;162;1
2016-08-15;716;382;187;70;616;157;0
2016-08-16;605;387;127;79;640;209;0
2016-08-17;706;356;88;67;563;144;0
2016-08-18;471;351;50;22;578;149;0
2016-08-19;433;278;74;67;500;115;0
2016-08-20;542;339;60;26;557;117;1
2016-08-21;610;389;142;57;707;169;1
2016-08-22;560;368;135;98;514;194;0
2016-08-23;503;328;276;168;603;139;0
2016-08-24;582;400;119;35;485;151;0
2016-08-25;426;356;92;54;580;145;0
2016-08-26;476;299;81;80;553;116;0
2016-08-27;577;347;135;22;547;163;1
2016-08-28;670;332;156;112;627;153;1
2016-08-29;534;358;309;53;532;177;0
2016-08-30;492;343;66;291;413;144;0
2016-08-31;644;357;165;30;593;145;0
2016-09-01;658;364;248;47;579;186;0
2016-09-02;704;408;247;88;668;155;0
2016-09-03;829;522;236;38;682;150;1
2016-09-04;1098;698;168;74;913;293;1
2016-09-05;762;456;343;72;670;207;0
2016-09-06;760;507;178;45;664;238;0
2016-09-07;664;624;95;52;550;179;0
2016-09-08;457;540;125;60;544;166;0
2016-09-09;414;397;41;8;585;135;0
2016-09-10;768;571;103;40;625;200;1
2016-09-11;917;685;123;110;795;294;1
2016-09-12;568;372;564;96;536;182;0
2016-09-13;511;422;130;43;558;239;0
2016-09-14;483;402;66;138;525;159;0
2016-09-15;479;321;44;41;559;180;0
2016-09-16;547;348;107;63;498;107;0
2016-09-17;655;498;69;55;518;184;1
2016-09-18;1021;573;192;61;902;275;1
2016-09-19;575;392;489;145;627;175;0
2016-09-20;550;413;114;63;626;179;0
2016-09-21;493;483;172;61;526;181;0
2016-09-22;462;355;152;52;508;168;0
2016-09-23;488;322;112;71;604;158;0
2016-09-24;611;518;210;57;670;165;1
2016-09-25;836;577;249;154;766;263;1
2016-09-26;590;491;401;58;699;178;0
2016-09-27;531;443;112;108;632;163;0
2016-09-28;500;419;145;66;558;158;0
2016-09-29;435;335;126;65;543;115;0
2016-09-30;501;395;65;72;565;111;0
2016-10-01;954;594;399;76;824;273;1
2016-10-02;1243;773;436;143;1084;266;1
2016-10-03;754;611;414;151;632;215;0
2016-10-04;706;577;192;36;726;177;0
2016-10-05;653;562;140;31;536;178;0
2016-10-06;566;378;86;50;587;144;0
2016-10-07;465;340;61;81;545;147;0
2016-10-08;781;505;132;62;746;134;1
2016-10-09;1085;815;232;60;905;336;1
2016-10-10;619;511;603;56;620;236;0
2016-10-11;490;431;186;50;542;148;0
2016-10-12;481;481;157;108;508;135;0
2016-10-13;389;390;120;60;488;170;0
2016-10-14;437;329;62;60;585;144;0
2016-10-15;785;537;205;74;608;177;1
2016-10-16;1084;609;250;78;993;288;1
2016-10-17;626;420;591;140;537;182;0
2016-10-18;499;381;173;59;563;182;0
2016-10-19;496;522;234;68;518;124;0
2016-10-20;482;380;115;62;548;136;0
2016-10-21;424;297;107;71;505;125;0
2016-10-22;651;416;347;40;676;177;1
2016-10-23;969;600;214;231;928;212;1
2016-10-24;534;476;730;181;579;240;0
2016-10-25;509;401;147;57;625;204;0
2016-10-26;492;458;129;54;402;133;0
2016-10-27;436;293;109;51;508;104;0
2016-10-28;378;357;92;19;501;121;0
2016-10-29;563;430;158;108;497;120;1
2016-10-30;838;486;355;67;723;205;1
2016-10-31;547;340;569;77;497;168;0
2016-11-01;602;344;77;93;555;129;0
2016-11-02;975;385;86;52;584;123;0
2016-11-03;707;338;145;59;540;134;0
2016-11-04;740;465;140;105;763;174;0
2016-11-05;1082;298;211;30;641;92;1
2016-11-06;1125;768;254;51;737;287;1
2016-11-07;647;602;561;208;562;203;0
2016-11-08;623;625;217;58;611;179;0
2016-11-09;718;582;130;55;536;103;0
2016-11-10;460;326;129;51;488;127;0
2016-11-11;481;449;145;35;418;254;0
2016-11-12;644;461;106;88;547;146;1
2016-11-13;1039;813;278;121;973;210;1
2016-11-14;686;469;515;54;533;210;0
2016-11-15;783;473;234;348;620;136;0
2016-11-16;808;446;182;35;520;124;0
2016-11-17;486;375;83;20;508;155;0
2016-11-18;468;330;70;14;660;127;0
2016-11-19;651;464;125;48;598;161;1
2016-11-20;946;549;278;76;912;218;1
2016-11-21;618;421;178;88;582;174;0
2016-11-22;506;447;173;72;522;161;0
2016-11-23;560;383;193;58;545;141;0
2016-11-24;449;392;119;59;452;118;0
2016-11-25;439;311;87;15;517;119;0
2016-11-26;607;431;111;58;651;173;1
2016-11-27;918;497;324;85;1077;225;1
2016-11-28;557;426;571;185;556;180;0
2016-11-29;475;414;189;191;508;184;0
2016-11-30;552;419;81;23;556;145;0
2016-12-01;738;454;179;73;674;209;0
2016-12-02;844;475;130;192;528;143;0
2016-12-03;986;534;151;66;776;182;1
2016-12-04;1343;641;166;75;1125;277;1
2016-12-05;837;494;405;49;678;188;0
2016-12-06;712;486;173;130;628;217;0
2016-12-07;673;539;137;24;554;129;0
2016-12-08;521;376;109;29;538;107;0
2016-12-09;463;335;105;65;499;135;0
2016-12-10;711;425;132;41;526;161;1
2016-12-11;994;567;248;83;945;257;1
2016-12-12;570;450;554;55;521;195;0
2016-12-13;492;433;152;47;485;130;0
2016-12-14;532;471;54;46;455;127;0
2016-12-15;523;415;97;47;500;123;0
2016-12-16;446;300;244;63;461;169;0
2016-12-17;601;409;80;43;652;172;1
2016-12-18;953;586;144;90;795;194;1
2016-12-19;755;501;472;142;611;157;0
2016-12-20;652;440;118;68;626;126;0
2016-12-21;681;458;64;61;633;142;0
2016-12-22;680;412;58;86;520;99;0
2016-12-23;704;567;74;69;527;132;0
2016-12-24;1110;611;505;104;518;113;1
2016-12-26;707;390;600;157;552;140;0
2016-12-27;617;427;231;23;595;117;0
2016-12-28;713;413;167;52;567;82;0
2016-12-29;631;455;84;121;488;124;0
2016-12-30;624;444;93;47;616;132;0
2016-12-31;853;536;111;84;687;107;1
2017-01-01;0;0;0;0;0;0;1
2017-01-02;1321;662;314;113;1024;228;0
2017-01-03;876;610;93;179;728;192;0
2017-01-04;932;684;91;59;641;211;0
2017-01-05;576;430;58;241;589;172;0
2017-01-06;573;316;122;30;520;103;0
2017-01-07;760;450;211;153;618;168;1
2017-01-08;1017;521;178;60;1057;230;1
2017-01-09;747;467;213;45;593;185;0
2017-01-10;695;470;90;88;578;158;0
2017-01-11;594;594;45;53;554;164;0
2017-01-12;460;403;112;29;456;126;0
2017-01-13;550;375;110;24;592;146;0
2017-01-14;628;505;90;60;573;159;1
2017-01-15;1128;639;303;130;1079;283;1
2017-01-16;663;467;262;101;709;196;0
2017-01-17;546;443;118;32;641;147;0
2017-01-18;618;440;96;42;585;140;0
2017-01-19;464;369;54;49;564;174;0
2017-01-20;420;310;105;49;483;130;0
2017-01-21;735;531;178;76;788;150;1
2017-01-22;1007;575;227;95;1052;257;1
2017-01-23;627;443;222;160;693;157;0
2017-01-24;534;364;125;26;580;132;0
2017-01-25;533;526;133;40;662;174;0
2017-01-26;452;390;75;23;539;133;0
2017-01-27;494;288;70;40;698;122;0
2017-01-28;618;513;122;72;691;207;1
2017-01-29;918;608;179;87;988;247;1
2017-01-30;554;490;194;68;706;233;0
2017-01-31;624;419;113;65;626;194;0
2017-02-01;878;655;141;65;670;157;0
2017-02-02;757;329;228;40;695;139;0
2017-02-03;621;412;172;172;602;153;0
2017-02-04;879;550;68;65;809;193;1
2017-02-05;1064;565;161;42;1074;242;1
2017-02-06;807;371;326;49;661;171;0
2017-02-07;692;440;150;47;662;162;0
2017-02-08;751;394;85;43;629;155;0
2017-02-09;575;395;90;21;548;162;0
2017-02-10;637;371;74;18;586;148;0
2017-02-11;854;455;126;325;696;204;1
2017-02-12;1199;662;156;65;794;251;1
2017-02-13;814;472;280;133;827;246;0
2017-02-14;558;370;114;18;562;105;0
2017-02-15;671;555;83;39;558;168;0
2017-02-16;521;375;110;51;581;166;0
2017-02-17;499;363;235;36;739;149;0
2017-02-18;802;495;149;59;641;212;1
2017-02-19;984;498;126;30;1014;222;1
2017-02-20;597;444;119;69;666;208;0
2017-02-21;631;447;101;52;535;166;0
2017-02-22;577;553;86;25;583;158;0
2017-02-23;542;410;48;38;653;120;0
2017-02-24;539;377;85;36;483;136;0
2017-02-25;827;457;61;49;732;198;1
2017-02-26;706;365;153;50;835;159;1
2017-02-27;732;338;128;47;776;125;0
2017-02-28;839;474;127;131;825;178;0
2017-03-01;1048;637;165;33;863;260;0
2017-03-02;885;472;68;65;820;179;0
2017-03-03;642;451;67;57;614;169;0
2017-03-04;1074;602;102;53;794;227;1
2017-03-05;1374;633;222;80;1166;278;1
2017-03-06;796;480;234;193;767;229;0
2017-03-07;756;395;92;66;648;176;0
2017-03-08;741;472;140;78;593;1164;0
2017-03-09;600;399;106;43;679;193;0
2017-03-10;579;360;104;29;626;187;0
2017-03-11;831;482;107;88;756;184;1
2017-03-12;1353;569;199;67;931;302;1
2017-03-13;624;547;140;220;609;229;0
2017-03-14;647;400;81;31;644;138;0
2017-03-15;896;543;179;147;584;145;0
2017-03-16;574;339;105;65;667;172;0
2017-03-17;680;356;88;32;513;178;0
2017-03-18;798;689;148;42;715;160;1
2017-03-19;1131;623;214;84;1028;236;1
2017-03-20;759;532;234;119;647;183;0
2017-03-21;670;455;87;28;559;153;0
2017-03-22;742;536;114;50;576;162;0
2017-03-23;571;354;165;28;531;121;0
2017-03-24;632;366;157;22;556;140;0
2017-03-25;849;546;116;45;551;161;1
2017-03-26;1178;759;135;100;937;222;1
2017-03-27;663;593;215;94;554;212;0
2017-03-28;596;485;65;74;540;146;0
2017-03-29;669;541;100;21;506;181;0
2017-03-30;709;508;143;73;460;131;0
2017-03-31;644;367;95;104;482;117;0
2017-04-01;1387;688;316;66;929;246;1
2017-04-02;1515;649;233;77;1024;221;1
2017-04-03;982;645;196;154;615;269;0
2017-04-04;959;511;220;59;662;167;0
2017-04-05;952;612;118;21;503;156;0
2017-04-06;765;473;268;103;617;116;0
2017-04-07;707;424;78;23;401;146;0
2017-04-08;898;518;68;58;647;153;1
2017-04-09;1186;600;153;124;884;194;1
2017-04-10;785;552;281;159;562;169;0
2017-04-11;755;465;59;128;486;144;0
2017-04-12;915;523;98;40;411;135;0
2017-04-13;719;549;200;99;587;134;0
2017-04-14;845;593;117;44;528;115;0
2017-04-15;880;497;134;47;727;174;1
2017-04-16;1176;570;99;88;1035;214;1
2017-04-17;638;537;166;96;560;177;0
2017-04-18;660;472;111;42;605;182;0
2017-04-19;636;605;66;43;460;128;0
2017-04-20;459;435;77;102;550;130;0
2017-04-21;658;408;38;53;512;151;0
2017-04-22;763;505;177;31;514;164;1
2017-04-23;1057;649;165;64;708;233;1
2017-04-24;619;579;107;63;534;173;0
2017-04-25;567;422;191;52;560;144;0
2017-04-26;553;588;117;36;483;162;0
2017-04-27;505;447;25;42;504;154;0
2017-04-28;582;354;66;61;466;162;0
2017-04-29;854;583;195;56;787;177;1
2017-04-30;935;490;359;59;896;182;1
2017-05-01;1254;705;165;116;883;220;0
2017-05-02;804;450;201;32;543;176;0
2017-05-03;916;686;146;40;648;239;0
2017-05-04;706;412;86;51;585;169;0
2017-05-05;562;344;167;48;572;117;0
2017-05-06;964;579;67;48;667;164;1
2017-05-07;1248;713;204;42;1094;276;1
2017-05-08;785;465;173;115;555;224;0
2017-05-09;818;420;65;51;599;231;0
2017-05-10;713;645;89;22;516;167;0
2017-05-11;535;378;53;56;578;144;0
2017-05-12;539;348;56;47;529;89;0
2017-05-13;835;602;123;72;595;252;1
2017-05-14;928;425;125;73;778;168;1
2017-05-15;743;514;196;111;645;188;0
2017-05-16;805;390;158;89;697;163;0
2017-05-17;667;678;87;25;539;164;0
2017-05-18;525;383;58;29;521;178;0
2017-05-19;508;379;72;74;463;590;0
2017-05-20;738;475;86;90;632;222;1
2017-05-21;941;608;213;91;861;239;1
2017-05-22;686;558;177;85;544;211;0
2017-05-23;713;402;143;36;600;138;0
2017-05-24;641;426;97;20;478;134;0
2017-05-25;507;295;41;23;460;104;0
2017-05-26;674;362;176;64;913;157;0
2017-05-27;680;464;101;39;668;143;1
2017-05-28;1015;617;215;85;759;235;1
2017-05-29;639;467;209;78;536;209;0
2017-05-30;513;405;56;32;521;165;0
2017-05-31;685;568;154;39;531;181;0
2017-06-01;721;418;126;33;623;181;0
2017-06-02;704;388;92;27;660;183;0
2017-06-03;1085;490;206;42;745;148;1
2017-06-04;1429;658;193;82;848;276;1
2017-06-05;1000;529;72;102;720;204;0
2017-06-06;748;441;89;24;546;127;0
2017-06-07;749;693;52;37;623;154;0
2017-06-08;557;447;98;61;573;154;0
2017-06-09;676;443;45;20;525;167;0
2017-06-10;716;520;98;41;567;192;1
2017-06-11;970;544;260;86;834;236;1
2017-06-12;587;466;151;58;522;166;0
2017-06-13;595;453;223;78;580;160;0
2017-06-14;610;570;155;36;514;199;0
2017-06-15;597;428;43;38;528;159;0
2017-06-16;531;446;83;62;444;162;0
2017-06-17;797;495;136;133;644;160;1
2017-06-18;1006;575;218;58;776;237;1
2017-06-19;752;497;131;79;693;220;0
2017-06-20;631;507;107;44;686;195;0
2017-06-21;539;563;74;55;576;193;0
2017-06-22;540;405;42;66;519;146;0
2017-06-23;542;420;113;25;616;122;0
2017-06-24;615;505;71;71;509;168;1
2017-06-25;906;570;230;67;802;221;1
2017-06-26;656;488;216;131;595;180;0
2017-06-27;552;428;104;27;525;131;0
2017-06-28;455;575;88;102;505;157;0
2017-06-29;481;416;93;46;600;185;0
2017-06-30;556;355;194;57;668;186;0
2017-07-01;863;572;163;40;711;194;1
2017-07-02;892;613;276;83;641;246;1
2017-07-03;886;566;390;251;795;203;0
2017-07-04;787;474;323;122;719;192;0
2017-07-05;873;563;214;55;724;173;0
2017-07-06;665;331;202;30;837;231;0
2017-07-07;815;272;175;49;776;127;0
2017-07-08;739;547;221;56;843;169;1
2017-07-09;895;481;246;84;992;220;1
2017-07-10;682;488;328;147;723;204;0
2017-07-11;647;388;223;52;741;197;0
2017-07-12;629;579;192;43;671;141;0
2017-07-13;507;338;215;84;743;153;0
2017-07-14;613;303;134;48;729;172;0
2017-07-15;690;524;160;51;745;196;1
2017-07-16;798;455;273;95;890;205;1
2017-07-17;619;406;423;92;843;190;0
2017-07-18;672;305;306;47;736;162;0
2017-07-19;602;650;227;31;712;176;0
2017-07-20;517;385;142;84;672;128;0
2017-07-21;523;350;483;33;657;130;0
2017-07-22;646;488;179;55;641;177;1
2017-07-23;809;455;188;38;775;235;1
2017-07-24;679;397;324;66;679;208;0
2017-07-25;688;347;559;95;725;161;0
2017-07-26;548;453;218;61;556;169;0
2017-07-27;528;361;77;62;513;130;0
2017-07-28;550;298;1062;25;687;184;0
2017-07-29;581;472;244;83;556;214;1
2017-07-30;855;497;156;60;860;218;1
2017-07-31;711;386;616;63;713;243;0
2017-08-01;798;410;609;35;716;187;0
2017-08-02;820;481;162;96;625;201;0
2017-08-03;742;408;154;196;681;180;0
2017-08-04;668;266;272;105;829;193;0
2017-08-05;669;431;168;44;534;209;1
2017-08-06;787;433;315;76;704;245;1
2017-08-07;702;421;262;57;608;236;0
2017-08-08;647;407;307;37;603;173;0
2017-08-09;626;366;177;38;472;181;0
2017-08-10;575;341;340;92;868;175;0
2017-08-11;608;387;163;65;634;145;0
2017-08-12;527;294;170;43;582;139;1
2017-08-13;527;294;170;43;582;139;1
2017-08-14;527;294;170;43;582;139;0
2017-08-15;527;294;170;43;582;139;0
