"date";"p_d11";"s_d11";"p_d12";"s_d12";"p_e11";"s_e11";"p_e12";"s_e12";"p_b11";"s_b11";"p_b12";"s_b12"
"2013-01-01";0;0;0;0;0;0;0;0;0;0;0;0
"2013-01-02";0;296;0;151;0;140;0;75;0;763;0;337
"2013-01-03";0;173;0;114;0;74;0;41;0;658;0;206
"2013-01-04";0;192;0;99;0;39;0;32;0;580;0;156
"2013-01-05";0;260;0;155;0;67;0;39;0;646;0;248
"2013-01-06";0;239;0;174;0;102;0;78;0;647;0;357
"2013-01-07";0;184;0;85;0;48;0;38;0;421;0;219
"2013-01-08";0;160;0;124;0;63;0;33;0;448;0;194
"2013-01-09";0;154;0;91;0;41;0;31;0;375;0;201
"2013-01-10";0;137;0;127;0;62;0;25;0;669;0;274
"2013-01-11";0;132;0;121;0;35;0;34;0;391;0;152
"2013-01-12";0;205;0;138;0;62;0;45;0;569;0;211
"2013-01-13";0;245;0;107;0;81;0;54;0;585;0;483
"2013-01-14";0;120;0;102;0;80;0;33;0;409;0;185
"2013-01-15";0;145;0;100;0;52;0;32;0;462;0;168
"2013-01-16";0;140;0;81;0;68;0;28;0;479;0;174
"2013-01-17";0;122;0;124;0;42;0;41;0;558;0;209
"2013-01-18";0;161;0;117;0;44;0;24;0;478;0;180
"2013-01-19";0;210;0;138;0;55;0;41;0;528;0;246
"2013-01-20";0;240;0;157;0;82;0;54;0;617;0;227
"2013-01-21";0;162;0;106;0;54;0;28;0;480;0;258
"2013-01-22";0;168;0;149;0;50;0;43;0;440;0;113
"2013-01-23";0;148;0;133;0;43;0;37;0;458;0;137
"2013-01-24";0;121;0;101;0;49;0;29;0;542;0;333
"2013-01-25";0;168;0;109;0;37;0;33;0;480;0;408
"2013-01-26";0;235;0;171;0;55;0;38;0;580;0;172
"2013-01-27";0;258;0;147;0;94;0;49;0;577;0;390
"2013-01-28";0;123;0;109;0;52;0;34;0;519;0;211
"2013-01-29";0;170;0;117;0;39;0;43;0;477;0;136
"2013-01-30";0;117;0;95;0;32;0;31;0;484;0;145
"2013-01-31";0;145;0;93;0;38;0;28;0;540;0;218
"2013-02-01";0;163;0;131;0;62;0;35;0;528;0;163
"2013-02-02";0;270;0;161;0;83;0;55;0;694;0;245
"2013-02-03";0;269;0;169;0;87;0;48;0;629;0;235
"2013-02-04";0;150;0;117;0;58;0;40;0;604;0;142
"2013-02-05";0;221;0;96;0;71;0;40;0;625;0;200
"2013-02-06";0;157;0;108;0;53;0;27;0;522;0;144
"2013-02-07";0;163;0;108;0;47;0;35;0;674;0;213
"2013-02-08";0;206;0;93;0;54;0;22;0;532;0;254
"2013-02-09";0;230;0;202;0;57;0;51;0;647;0;270
"2013-02-10";0;246;0;140;0;75;0;33;0;798;0;156
"2013-02-11";0;218;0;141;0;48;0;41;0;604;0;158
"2013-02-12";0;189;0;117;0;62;0;42;0;520;0;129
"2013-02-13";0;146;0;114;0;88;0;38;0;589;0;190
"2013-02-14";0;189;0;125;0;42;0;18;0;836;0;215
"2013-02-15";0;173;0;113;0;51;0;30;0;536;0;154
"2013-02-16";0;223;0;170;0;74;0;50;0;576;0;352
"2013-02-17";0;226;0;169;0;77;0;52;0;615;0;348
"2013-02-18";0;161;0;130;0;46;0;28;0;584;0;266
"2013-02-19";0;119;0;135;0;43;0;36;0;547;0;260
"2013-02-20";0;154;0;95;0;52;0;16;0;539;0;149
"2013-02-21";0;144;0;122;0;53;0;35;0;619;0;200
"2013-02-22";0;139;0;105;0;38;0;28;0;448;0;194
"2013-02-23";0;211;0;181;0;68;0;38;0;501;0;210
"2013-02-24";0;274;0;159;0;88;0;28;0;641;0;272
"2013-02-25";0;132;0;100;0;55;0;34;0;561;0;132
"2013-02-26";0;151;0;152;0;35;0;32;0;442;0;171
"2013-02-27";0;109;0;108;0;29;0;25;0;486;0;212
"2013-02-28";0;179;0;115;0;56;0;37;0;576;0;276
"2013-03-01";0;182;0;120;0;61;0;26;0;593;0;203
"2013-03-02";0;273;0;157;0;106;0;41;0;752;0;286
"2013-03-03";0;285;0;194;0;115;0;53;0;663;0;496
"2013-03-04";0;207;0;119;0;75;0;30;0;563;0;270
"2013-03-05";0;210;0;130;0;66;0;40;0;576;0;175
"2013-03-06";0;165;0;141;0;53;0;39;0;557;0;206
"2013-03-07";0;244;0;124;0;42;0;33;0;670;0;161
"2013-03-08";0;160;0;136;0;47;0;16;0;395;0;285
"2013-03-09";0;197;0;171;0;64;0;36;0;612;0;232
"2013-03-10";0;295;0;180;0;92;0;53;0;673;0;347
"2013-03-11";0;169;0;113;0;52;0;39;0;451;0;269
"2013-03-12";0;176;0;80;0;47;0;29;0;465;0;147
"2013-03-13";0;139;0;98;0;46;0;29;0;415;0;178
"2013-03-14";0;146;0;113;0;44;0;33;0;467;0;193
"2013-03-15";0;175;0;141;0;47;0;21;0;521;0;385
"2013-03-16";0;211;0;187;0;58;0;35;0;509;0;237
"2013-03-17";0;242;0;170;0;101;0;49;0;553;0;394
"2013-03-18";0;117;0;103;0;43;0;43;0;530;0;220
"2013-03-19";0;155;0;131;0;47;0;39;0;494;0;223
"2013-03-20";0;178;0;108;0;42;0;21;0;595;0;206
"2013-03-21";0;155;0;107;0;69;0;37;0;615;0;189
"2013-03-22";0;144;0;113;0;39;0;23;0;437;0;140
"2013-03-23";0;222;0;201;0;71;0;45;0;610;0;339
"2013-03-24";0;251;0;98;0;85;0;47;0;583;0;338
"2013-03-25";0;160;0;129;0;49;0;47;0;439;0;232
"2013-03-26";0;184;0;132;0;49;0;27;0;475;0;137
"2013-03-27";0;275;0;208;0;42;0;20;0;552;0;193
"2013-03-28";0;440;0;286;0;79;0;52;0;611;0;204
"2013-03-29";0;460;0;351;0;102;0;50;0;627;0;166
"2013-03-30";0;241;0;140;0;91;0;36;0;590;0;176
"2013-03-31";0;201;0;112;0;84;0;36;0;576;0;214
"2013-04-01";0;209;0;186;0;95;0;49;0;625;0;439
"2013-04-02";0;196;0;127;0;79;0;41;0;620;0;289
"2013-04-03";0;182;0;148;0;55;0;32;0;612;0;235
"2013-04-04";0;196;0;97;0;54;0;38;0;651;0;331
"2013-04-05";0;132;0;118;0;42;0;29;0;520;0;177
"2013-04-06";0;259;0;233;0;74;0;41;0;570;0;338
"2013-04-07";0;274;0;186;0;90;0;62;0;666;0;296
"2013-04-08";0;142;0;147;0;53;0;42;0;602;0;365
"2013-04-09";0;170;0;90;0;51;0;36;0;519;0;259
"2013-04-10";0;176;0;122;0;64;0;29;0;565;0;325
"2013-04-11";0;185;0;89;0;53;0;27;0;581;0;227
"2013-04-12";0;135;0;135;0;37;0;19;0;474;0;194
"2013-04-13";0;236;0;204;0;60;0;44;0;494;0;261
"2013-04-14";0;273;0;172;0;77;0;45;0;574;0;284
"2013-04-15";0;184;0;104;0;68;0;43;0;538;0;257
"2013-04-16";0;212;0;106;0;56;0;37;0;521;0;172
"2013-04-17";0;130;0;143;0;29;0;22;0;504;0;190
"2013-04-18";0;119;0;100;0;43;0;37;0;520;0;158
"2013-04-19";0;119;0;111;0;36;0;29;0;453;0;220
"2013-04-20";0;247;0;176;0;66;0;42;0;528;0;230
"2013-04-21";0;229;0;164;0;92;0;59;0;620;0;293
"2013-04-22";0;152;0;120;0;49;0;50;0;520;0;224
"2013-04-23";0;167;0;129;0;51;0;21;0;540;0;305
"2013-04-24";0;159;0;110;0;39;0;36;0;435;0;148
"2013-04-25";0;143;0;110;0;34;0;29;0;539;0;180
"2013-04-26";0;123;0;155;0;49;0;32;0;454;0;188
"2013-04-27";0;198;0;171;0;59;0;40;0;538;0;268
"2013-04-28";0;251;0;164;0;98;0;48;0;594;0;329
"2013-04-29";0;153;0;140;0;48;0;38;0;658;0;225
"2013-04-30";0;184;0;121;0;50;0;37;0;465;0;180
"2013-05-01";0;219;0;176;0;80;0;48;0;596;0;224
"2013-05-02";0;221;0;124;0;76;0;36;0;524;0;216
"2013-05-03";0;169;0;138;0;44;0;23;0;626;0;290
"2013-05-04";0;284;0;199;0;82;0;43;0;679;0;351
"2013-05-05";0;342;0;179;0;139;0;67;0;759;0;310
"2013-05-06";0;158;0;136;0;72;0;44;0;494;0;245
"2013-05-07";0;177;0;113;0;65;0;32;0;518;0;256
"2013-05-08";0;151;0;128;0;48;0;26;0;481;0;225
"2013-05-09";0;145;0;116;0;55;0;27;0;516;0;132
"2013-05-10";0;201;0;130;0;114;0;27;0;695;0;149
"2013-05-11";0;305;0;188;0;121;0;69;0;568;0;270
"2013-05-12";0;242;0;175;0;142;0;78;0;536;0;209
"2013-05-13";0;160;0;158;0;100;0;68;0;477;0;287
"2013-05-14";0;153;0;135;0;80;0;59;0;501;0;221
"2013-05-15";0;120;0;125;0;95;0;47;0;586;0;217
"2013-05-16";0;161;0;96;0;123;0;45;0;746;0;167
"2013-05-17";0;181;0;141;0;84;0;40;0;393;0;214
"2013-05-18";0;229;0;185;0;113;0;63;0;574;0;269
"2013-05-19";0;242;0;163;0;166;0;55;0;638;0;247
"2013-05-20";0;144;0;159;0;87;0;64;0;524;0;258
"2013-05-21";0;126;0;129;0;84;0;35;0;492;0;269
"2013-05-22";0;130;0;126;0;84;0;55;0;453;0;216
"2013-05-23";0;154;0;105;0;81;0;36;0;570;0;181
"2013-05-24";0;222;0;128;0;137;0;59;0;582;0;181
"2013-05-25";0;195;0;180;0;103;0;52;0;488;0;226
"2013-05-26";0;221;0;201;0;138;0;66;0;577;0;338
"2013-05-27";0;182;0;119;0;85;0;45;0;492;0;258
"2013-05-28";0;140;0;120;0;65;0;59;0;483;0;181
"2013-05-29";0;123;0;101;0;39;0;50;0;425;0;512
"2013-05-30";0;197;0;135;0;38;0;52;0;732;0;214
"2013-05-31";0;205;0;121;0;27;0;19;0;550;0;189
"2013-06-01";0;289;0;173;0;65;0;45;0;576;0;202
"2013-06-02";0;301;0;192;0;92;0;74;0;669;0;409
"2013-06-03";0;196;0;118;0;64;0;53;0;634;0;393
"2013-06-04";0;194;0;111;0;68;0;56;0;655;0;303
"2013-06-05";0;137;0;102;0;63;0;42;0;531;0;288
"2013-06-06";0;200;0;121;0;58;0;38;0;708;0;255
"2013-06-07";0;166;0;115;0;34;0;23;0;501;0;193
"2013-06-08";0;200;0;157;0;60;0;39;0;552;0;290
"2013-06-09";0;201;0;172;0;67;0;42;0;651;0;297
"2013-06-10";0;147;0;146;0;46;0;43;0;547;0;518
"2013-06-11";0;129;0;123;0;31;0;36;0;519;0;361
"2013-06-12";0;131;0;106;0;46;0;24;0;643;0;182
"2013-06-13";0;139;0;99;0;27;0;24;0;743;0;128
"2013-06-14";0;168;0;152;0;33;0;30;0;521;0;146
"2013-06-15";0;221;0;205;0;49;0;43;0;509;0;425
"2013-06-16";0;224;0;194;0;75;0;46;0;582;0;252
"2013-06-17";0;144;0;108;0;59;0;42;0;549;0;344
"2013-06-18";0;181;0;127;0;48;0;33;0;592;0;296
"2013-06-19";0;142;0;113;0;43;0;25;0;535;0;214
"2013-06-20";0;119;0;106;0;34;0;31;0;607;0;173
"2013-06-21";0;164;0;114;0;32;0;19;0;502;0;290
"2013-06-22";0;227;0;168;0;60;0;32;0;583;0;195
"2013-06-23";0;216;0;144;0;64;0;60;0;652;0;289
"2013-06-24";0;140;0;129;0;53;0;42;0;475;0;341
"2013-06-25";0;170;0;105;0;44;0;38;0;565;0;302
"2013-06-26";0;120;0;118;0;31;0;25;0;569;0;176
"2013-06-27";0;160;0;103;0;45;0;36;0;491;0;130
"2013-06-28";0;128;0;126;0;30;0;28;0;514;0;159
"2013-06-29";0;198;0;178;0;52;0;45;0;620;0;173
"2013-06-30";0;226;0;181;0;67;0;60;0;658;0;379
"2013-07-01";0;223;0;155;0;75;0;53;0;662;0;298
"2013-07-02";0;249;0;114;0;86;0;40;0;713;0;187
"2013-07-03";0;193;0;112;0;50;0;32;0;767;0;210
"2013-07-04";0;177;0;127;0;55;0;25;0;747;0;158
"2013-07-05";0;166;0;109;0;39;0;17;0;572;0;231
"2013-07-06";0;207;0;161;0;56;0;46;0;515;0;215
"2013-07-07";0;175;0;140;0;62;0;57;0;467;0;188
"2013-07-08";0;199;0;156;0;49;0;33;0;534;0;269
"2013-07-09";0;172;0;104;0;52;0;31;0;569;0;210
"2013-07-10";0;149;0;113;0;48;0;25;0;634;0;245
"2013-07-11";0;147;0;121;0;56;0;28;0;680;0;176
"2013-07-12";0;156;0;113;0;31;0;38;0;518;0;192
"2013-07-13";0;222;0;156;0;53;0;36;0;481;0;143
"2013-07-14";0;238;0;126;0;76;0;35;0;501;0;143
"2013-07-15";0;160;0;122;0;62;0;45;0;583;0;232
"2013-07-16";0;211;0;106;0;54;0;46;0;524;0;186
"2013-07-17";0;203;0;138;0;38;0;38;0;537;0;279
"2013-07-18";0;202;0;108;0;59;0;26;0;673;0;128
"2013-07-19";0;178;0;136;0;35;0;21;0;518;0;178
"2013-07-20";0;252;0;146;0;48;0;41;0;462;0;181
"2013-07-21";0;186;0;139;0;53;0;40;0;453;0;143
"2013-07-22";0;168;0;138;0;42;0;45;0;490;0;256
"2013-07-23";0;204;0;116;0;50;0;33;0;485;0;211
"2013-07-24";0;148;0;115;0;55;0;28;0;436;0;77
"2013-07-25";0;187;0;140;0;40;0;36;0;638;0;191
"2013-07-26";0;169;0;157;0;35;0;30;0;551;0;126
"2013-07-27";0;213;0;161;0;54;0;35;0;560;0;151
"2013-07-28";0;200;0;126;0;69;0;34;0;473;0;169
"2013-07-29";0;168;0;113;0;52;0;31;0;502;0;117
"2013-07-30";0;175;0;146;0;56;0;41;0;428;0;260
"2013-07-31";0;202;0;134;0;72;0;31;0;510;0;173
"2013-08-01";0;256;0;136;0;56;0;41;0;829;0;167
"2013-08-02";0;243;0;119;0;50;0;31;0;608;0;295
"2013-08-03";0;226;0;133;0;56;0;40;0;618;0;155
"2013-08-04";0;217;0;130;0;82;0;39;0;559;0;154
"2013-08-05";0;210;0;140;0;48;0;42;0;634;0;282
"2013-08-06";0;204;0;156;0;61;0;29;0;680;0;140
"2013-08-07";0;173;0;144;0;46;0;35;0;508;0;206
"2013-08-08";0;159;0;134;0;61;0;46;0;658;0;168
"2013-08-09";0;171;0;125;0;55;0;53;0;486;0;158
"2013-08-10";0;219;0;133;0;50;0;31;0;497;0;129
"2013-08-11";0;185;0;127;0;60;0;52;0;477;0;135
"2013-08-12";0;131;0;121;0;70;0;44;0;434;0;175
"2013-08-13";0;188;0;124;0;41;0;50;0;455;0;211
"2013-08-14";0;150;0;99;0;42;0;81;0;544;0;149
"2013-08-15";0;166;0;110;0;46;0;35;0;654;0;125
"2013-08-16";0;205;0;128;0;40;0;32;0;584;0;207
"2013-08-17";0;205;0;154;0;44;0;46;0;542;0;193
"2013-08-18";0;182;0;102;0;64;0;50;0;469;0;173
"2013-08-19";0;144;0;104;0;67;0;48;0;606;0;284
"2013-08-20";0;226;0;167;0;981;0;43;0;571;0;180
"2013-08-21";0;185;0;100;0;33;0;41;0;548;0;124
"2013-08-22";0;145;0;106;0;37;0;61;0;556;0;130
"2013-08-23";0;174;0;143;0;41;0;34;0;458;0;161
"2013-08-24";0;206;0;132;0;53;0;38;0;475;0;147
"2013-08-25";0;184;0;99;0;61;0;44;0;512;0;167
"2013-08-26";0;153;0;105;0;43;0;47;0;475;0;226
"2013-08-27";0;172;0;84;0;34;0;26;0;474;0;158
"2013-08-28";0;135;0;164;0;33;0;75;0;535;0;376
"2013-08-29";0;133;0;130;0;38;0;41;0;735;0;253
"2013-08-30";0;182;0;155;0;26;0;32;0;568;0;181
"2013-08-31";0;208;0;172;0;53;0;48;0;595;0;318
"2013-09-01";0;271;0;167;0;108;0;74;0;977;0;313
"2013-09-02";0;210;0;136;0;108;0;72;0;789;0;260
"2013-09-03";0;226;0;120;0;165;0;37;0;762;0;239
"2013-09-04";0;194;0;117;0;87;0;37;0;608;0;295
"2013-09-05";0;193;0;102;0;68;0;37;0;867;0;211
"2013-09-06";0;137;0;130;0;72;0;33;0;417;0;196
"2013-09-07";0;259;0;166;0;161;0;48;0;670;0;274
"2013-09-08";0;257;0;189;0;125;0;77;0;693;0;270
"2013-09-09";0;185;0;102;0;185;0;56;0;705;0;294
"2013-09-10";0;124;0;97;0;44;0;30;0;527;0;201
"2013-09-11";0;127;0;107;0;36;0;70;0;533;0;183
"2013-09-12";0;149;0;119;0;69;0;31;0;702;0;190
"2013-09-13";0;136;0;111;0;48;0;85;0;404;0;128
"2013-09-14";0;217;0;140;0;103;0;56;0;570;0;228
"2013-09-15";0;249;0;169;0;132;0;107;0;667;0;241
"2013-09-16";0;147;0;110;0;170;0;59;0;462;0;266
"2013-09-17";0;143;0;102;0;60;0;32;0;489;0;180
"2013-09-18";0;166;0;107;0;107;0;38;0;474;0;194
"2013-09-19";0;122;0;99;0;77;0;51;0;562;0;172
"2013-09-20";0;142;0;114;0;37;0;50;0;526;0;155
"2013-09-21";0;232;0;165;0;70;0;81;0;546;0;211
"2013-09-22";0;211;0;170;0;77;0;51;0;640;0;277
"2013-09-23";0;162;0;105;0;1013;0;99;0;490;0;217
"2013-09-24";0;190;0;111;0;49;0;32;0;555;0;207
"2013-09-25";0;140;0;129;0;81;0;47;0;449;0;158
"2013-09-26";0;119;0;104;0;88;0;212;0;451;0;153
"2013-09-27";0;138;0;129;0;184;0;45;0;478;0;221
"2013-09-28";0;259;0;181;0;143;0;100;0;597;0;274
"2013-09-29";0;279;0;216;0;227;0;73;0;626;0;368
"2013-09-30";0;148;0;114;0;137;0;79;0;514;0;209
"2013-10-01";0;197;0;122;0;213;0;59;0;629;0;222
"2013-10-02";0;197;0;102;0;109;0;62;0;582;0;297
"2013-10-03";0;212;0;179;0;134;0;94;0;799;0;177
"2013-10-04";0;186;0;134;0;152;0;43;0;599;0;179
"2013-10-05";0;289;0;204;0;167;0;81;0;692;0;446
"2013-10-06";0;332;0;195;0;242;0;97;0;769;0;302
"2013-10-07";0;177;0;123;0;73;0;45;0;458;0;226
"2013-10-08";0;183;0;97;0;52;0;43;0;553;0;189
"2013-10-09";0;177;0;129;0;109;0;71;0;537;0;184
"2013-10-10";0;183;0;150;0;91;0;43;0;684;0;136
"2013-10-11";0;205;0;131;0;125;0;24;0;536;0;104
"2013-10-12";0;287;0;119;0;141;0;79;0;621;0;356
"2013-10-13";0;276;0;174;0;120;0;138;0;761;0;276
"2013-10-14";0;175;0;121;0;139;0;370;0;400;0;288
"2013-10-15";0;162;0;111;0;107;0;37;0;439;0;193
"2013-10-16";0;155;0;138;0;84;0;39;0;484;0;162
"2013-10-17";0;164;0;96;0;121;0;27;0;587;0;143
"2013-10-18";0;135;0;112;0;87;0;19;0;398;0;420
"2013-10-19";0;259;0;170;0;85;0;52;0;624;0;367
"2013-10-20";0;318;0;197;0;177;0;100;0;635;0;232
"2013-10-21";0;212;0;129;0;996;0;88;0;518;0;152
"2013-10-22";0;182;0;114;0;72;0;42;0;491;0;194
"2013-10-23";0;142;0;98;0;189;0;57;0;482;0;172
"2013-10-24";0;138;0;96;0;96;0;81;0;618;0;99
"2013-10-25";0;159;0;108;0;40;0;78;0;372;0;111
"2013-10-26";0;271;0;129;0;137;0;54;0;575;0;202
"2013-10-27";0;250;0;163;0;192;0;41;0;540;0;367
"2013-10-28";0;125;0;102;0;94;0;38;0;549;0;180
"2013-10-29";0;184;0;108;0;81;0;84;0;407;0;183
"2013-10-30";0;174;0;100;0;122;0;90;0;530;0;114
"2013-10-31";0;179;0;89;0;155;0;24;0;520;0;68
"2013-11-01";0;211;0;137;0;46;0;70;0;302;0;119
"2013-11-02";0;337;0;151;0;247;0;158;0;533;0;141
"2013-11-03";0;353;0;172;0;222;0;59;0;744;0;808
"2013-11-04";0;171;0;158;0;211;0;49;0;448;0;237
"2013-11-05";0;449;0;360;0;126;0;83;0;463;0;208
"2013-11-06";0;384;0;385;0;191;0;97;0;529;0;166
"2013-11-07";0;315;0;277;0;190;0;111;0;603;0;195
"2013-11-08";0;296;0;393;0;135;0;142;0;593;0;176
"2013-11-09";0;488;0;119;0;84;0;21;0;507;0;100
"2013-11-10";0;752;0;395;0;435;0;70;0;681;0;225
"2013-11-11";0;316;0;324;0;122;0;41;0;500;0;234
"2013-11-12";0;345;0;349;0;120;0;46;0;509;0;229
"2013-11-13";0;311;0;300;0;51;0;41;0;405;0;179
"2013-11-14";0;296;0;268;0;130;0;24;0;529;0;142
"2013-11-15";0;304;0;215;0;38;0;31;0;418;0;195
"2013-11-16";0;565;0;437;0;175;0;35;0;656;0;187
"2013-11-17";0;661;0;464;0;146;0;57;0;677;0;215
"2013-11-18";0;379;0;389;0;1018;0;72;0;467;0;184
"2013-11-19";0;370;0;267;0;52;0;40;0;508;0;167
"2013-11-20";0;352;0;251;0;79;0;22;0;459;0;154
"2013-11-21";0;323;0;249;0;153;0;17;0;620;0;142
"2013-11-22";0;262;0;215;0;55;0;70;0;408;0;200
"2013-11-23";0;457;0;290;0;148;0;72;0;482;0;154
"2013-11-24";0;682;0;406;0;217;0;78;0;634;0;232
"2013-11-25";0;367;0;358;0;77;0;29;0;438;0;238
"2013-11-26";0;340;0;312;0;42;0;29;0;485;0;170
"2013-11-27";0;279;0;250;0;89;0;71;0;468;0;145
"2013-11-28";0;270;0;257;0;153;0;29;0;570;0;148
"2013-11-29";0;288;0;251;0;41;0;54;0;613;0;221
"2013-11-30";0;539;0;386;0;86;0;67;0;424;0;184
"2013-12-01";0;991;0;669;0;160;0;115;0;785;0;309
"2013-12-02";0;559;0;401;0;264;0;112;0;488;0;233
"2013-12-03";0;628;0;342;0;254;0;48;0;557;0;236
"2013-12-04";0;452;0;352;0;67;0;60;0;442;0;232
"2013-12-05";0;427;0;300;0;155;0;186;0;765;0;167
"2013-12-06";0;446;0;294;0;85;0;40;0;602;0;154
"2013-12-07";0;627;0;362;0;127;0;116;0;627;0;138
"2013-12-08";0;899;0;653;0;259;0;104;0;707;0;337
"2013-12-09";0;511;0;338;0;194;0;199;0;459;0;251
"2013-12-10";0;458;0;331;0;76;0;58;0;556;0;171
"2013-12-11";0;449;0;314;0;104;0;57;0;472;0;198
"2013-12-12";0;332;0;305;0;82;0;28;0;598;0;184
"2013-12-13";0;372;0;223;0;37;0;71;0;455;0;121
"2013-12-14";0;496;0;309;0;49;0;82;0;567;0;153
"2013-12-15";0;772;0;508;0;186;0;131;0;628;0;224
"2013-12-16";0;403;0;445;0;50;0;60;0;539;0;167
"2013-12-17";0;434;0;336;0;51;0;85;0;497;0;180
"2013-12-18";0;338;0;305;0;65;0;94;0;427;0;116
"2013-12-19";0;411;0;277;0;49;0;75;0;580;0;234
"2013-12-20";0;349;0;257;0;88;0;116;0;510;0;118
"2013-12-21";0;451;0;306;0;68;0;188;0;482;0;103
"2013-12-22";0;605;0;301;0;82;0;134;0;530;0;166
"2013-12-23";0;653;0;376;0;1028;0;142;0;616;0;135
"2013-12-24";0;566;0;350;0;75;0;89;0;528;0;161
"2013-12-26";0;463;0;264;0;113;0;222;0;623;0;130
"2013-12-27";0;411;0;289;0;303;0;111;0;461;0;111
"2013-12-28";0;515;0;366;0;153;0;63;0;555;0;143
"2013-12-29";0;676;0;289;0;160;0;72;0;554;0;131
"2013-12-30";0;570;0;330;0;65;0;96;0;572;0;204
"2013-12-31";0;616;0;395;0;60;0;90;0;692;0;187
"2014-01-01";0;0;0;0;0;0;0;0;0;0;0;0
"2014-01-02";0;618;0;456;0;293;0;206;0;835;0;228
"2014-01-03";0;517;0;314;0;185;0;71;0;607;0;151
"2014-01-04";0;689;0;457;0;195;0;91;0;641;0;210
"2014-01-05";0;961;0;560;0;147;0;234;0;859;0;407
"2014-01-06";0;461;0;217;0;184;0;28;0;568;0;111
"2014-01-07";0;536;0;403;0;63;0;96;0;597;0;302
"2014-01-08";0;434;0;293;0;151;0;62;0;534;0;125
"2014-01-09";0;415;0;281;0;78;0;99;0;656;0;117
"2014-01-10";0;367;0;253;0;80;0;72;0;675;0;166
"2014-01-11";0;576;0;414;0;199;0;85;0;586;0;227
"2014-01-12";0;914;0;506;0;158;0;274;0;721;0;175
"2014-01-13";0;519;0;392;0;177;0;132;0;552;0;206
"2014-01-14";0;473;0;337;0;201;0;91;0;578;0;230
"2014-01-15";0;405;0;319;0;73;0;84;0;486;0;134
"2014-01-16";0;432;0;249;0;98;0;47;0;796;0;183
"2014-01-17";0;331;0;269;0;141;0;43;0;488;0;173
"2014-01-18";0;565;0;371;0;117;0;209;0;665;0;206
"2014-01-19";0;749;0;537;0;256;0;86;0;721;0;260
"2014-01-20";0;429;0;364;0;55;0;130;0;942;0;156
"2014-01-21";0;499;0;340;0;964;0;78;0;604;0;212
"2014-01-22";0;396;0;331;0;36;0;100;0;484;0;165
"2014-01-23";0;434;0;309;0;283;0;162;0;653;0;173
"2014-01-24";0;415;0;296;0;168;0;115;0;591;0;197
"2014-01-25";0;509;0;304;0;390;0;76;0;650;0;160
"2014-01-26";0;888;0;442;0;450;0;123;0;766;0;232
"2014-01-27";0;421;0;383;0;47;0;181;0;534;0;212
"2014-01-28";0;444;0;307;0;271;0;61;0;486;0;205
"2014-01-29";0;331;0;242;0;36;0;75;0;404;0;120
"2014-01-30";0;404;0;204;0;48;0;77;0;649;0;132
"2014-01-31";0;387;0;232;0;692;0;13;0;476;0;168
"2014-02-01";0;737;0;389;0;257;0;73;0;879;0;216
"2014-02-02";0;696;0;373;0;325;0;95;0;660;0;176
"2014-02-03";0;578;0;359;0;280;0;86;0;661;0;173
"2014-02-04";0;574;0;271;0;181;0;118;0;626;0;170
"2014-02-05";0;507;0;281;0;217;0;52;0;527;0;168
"2014-02-06";0;570;0;294;0;145;0;163;0;694;0;141
"2014-02-07";0;429;0;245;0;31;0;83;0;629;0;200
"2014-02-08";0;685;0;318;0;122;0;116;0;594;0;168
"2014-02-09";0;738;0;304;0;271;0;94;0;627;0;181
"2014-02-10";0;544;0;335;0;91;0;48;0;581;0;227
"2014-02-11";0;540;0;278;0;67;0;89;0;536;0;208
"2014-02-12";0;565;0;374;0;90;0;110;0;632;0;254
"2014-02-13";0;495;0;358;0;120;0;88;0;776;0;188
"2014-02-14";0;339;0;246;0;84;0;59;0;558;0;155
"2014-02-15";0;622;0;362;0;153;0;43;0;707;0;166
"2014-02-16";0;800;0;484;0;397;0;112;0;647;0;265
"2014-02-17";0;508;0;380;0;118;0;83;0;656;0;178
"2014-02-18";0;513;0;355;0;1129;0;171;0;496;0;176
"2014-02-19";0;337;0;324;0;87;0;49;0;541;0;111
"2014-02-20";0;337;0;272;0;114;0;23;0;649;0;116
"2014-02-21";0;356;0;277;0;80;0;83;0;590;0;151
"2014-02-22";0;564;0;447;0;97;0;98;0;556;0;238
"2014-02-23";0;761;0;414;0;244;0;112;0;714;0;213
"2014-02-24";0;468;0;393;0;137;0;91;0;503;0;198
"2014-02-25";0;472;0;342;0;128;0;59;0;504;0;101
"2014-02-26";0;389;0;339;0;86;0;61;0;466;0;202
"2014-02-27";0;399;0;287;0;105;0;47;0;743;0;161
"2014-02-28";0;406;0;226;0;115;0;92;0;450;0;139
"2014-03-01";0;750;0;399;0;120;0;306;0;753;0;200
"2014-03-02";0;853;0;331;0;192;0;119;0;701;0;169
"2014-03-03";0;582;0;349;0;157;0;42;0;577;0;162
"2014-03-04";0;598;0;453;0;166;0;47;0;588;0;229
"2014-03-05";0;649;0;415;0;200;0;38;0;660;0;202
"2014-03-06";0;610;0;339;0;171;0;93;0;629;0;172
"2014-03-07";0;455;0;291;0;110;0;32;0;496;0;205
"2014-03-08";0;695;0;352;0;55;0;89;0;645;0;147
"2014-03-09";0;790;0;558;0;224;0;201;0;662;0;194
"2014-03-10";0;509;0;463;0;140;0;49;0;563;0;172
"2014-03-11";0;482;0;345;0;93;0;86;0;557;0;166
"2014-03-12";0;433;0;353;0;243;0;143;0;503;0;175
"2014-03-13";0;396;0;325;0;136;0;54;0;653;0;137
"2014-03-14";0;350;0;281;0;56;0;76;0;523;0;142
"2014-03-15";0;623;0;436;0;77;0;123;0;612;0;206
"2014-03-16";0;915;0;495;0;211;0;94;0;731;0;207
"2014-03-17";0;567;0;448;0;78;0;166;0;615;0;191
"2014-03-18";0;455;0;284;0;96;0;50;0;562;0;130
"2014-03-19";0;457;0;325;0;1003;0;177;0;580;0;163
"2014-03-20";0;372;0;273;0;108;0;59;0;689;0;137
"2014-03-21";0;435;0;269;0;64;0;28;0;496;0;189
"2014-03-22";0;546;0;414;0;85;0;114;0;581;0;163
"2014-03-23";0;830;0;462;0;264;0;88;0;724;0;233
"2014-03-24";0;513;0;371;0;116;0;42;0;502;0;163
"2014-03-25";0;520;0;343;0;44;0;79;0;561;0;134
"2014-03-26";0;353;0;317;0;132;0;77;0;493;0;176
"2014-03-27";0;429;0;305;0;139;0;96;0;678;0;139
"2014-03-28";0;372;0;313;0;257;0;114;0;438;0;148
"2014-03-29";0;596;0;390;0;206;0;86;0;574;0;160
"2014-03-30";0;825;0;551;0;218;0;177;0;711;0;215
"2014-03-31";0;566;0;444;0;391;0;73;0;535;0;193
"2014-04-01";0;719;0;413;0;164;0;354;0;612;0;187
"2014-04-02";0;690;0;376;0;254;0;181;0;632;0;202
"2014-04-03";0;579;0;296;0;265;0;33;0;603;0;144
"2014-04-04";0;521;0;322;0;144;0;26;0;610;0;168
"2014-04-05";0;676;0;426;0;146;0;106;0;642;0;203
"2014-04-06";0;976;0;575;0;223;0;208;0;846;0;227
"2014-04-07";0;543;0;423;0;193;0;122;0;608;0;186
"2014-04-08";0;570;0;349;0;137;0;94;0;506;0;175
"2014-04-09";0;414;0;298;0;180;0;105;0;534;0;120
"2014-04-10";0;424;0;334;0;97;0;98;0;717;0;141
"2014-04-11";0;415;0;319;0;42;0;68;0;460;0;121
"2014-04-12";0;585;0;414;0;89;0;171;0;545;0;212
"2014-04-13";0;847;0;461;0;159;0;134;0;636;0;234
"2014-04-14";0;517;0;410;0;999;0;114;0;523;0;181
"2014-04-15";0;502;0;416;0;134;0;108;0;508;0;165
"2014-04-16";0;571;0;392;0;175;0;125;0;508;0;120
"2014-04-17";0;605;0;586;0;280;0;119;0;582;0;126
"2014-04-18";0;713;0;519;0;219;0;306;0;530;0;93
"2014-04-19";0;630;0;426;0;200;0;146;0;561;0;238
"2014-04-20";0;1011;0;424;0;190;0;103;0;746;0;246
"2014-04-21";0;454;0;341;0;119;0;174;0;449;0;155
"2014-04-22";0;433;0;397;0;89;0;59;0;467;0;153
"2014-04-23";0;416;0;278;0;180;0;115;0;411;0;110
"2014-04-24";0;410;0;372;0;246;0;82;0;621;0;140
"2014-04-25";0;340;0;285;0;61;0;91;0;453;0;204
"2014-04-26";0;470;0;347;0;171;0;58;0;520;0;251
"2014-04-27";0;839;0;412;0;282;0;137;0;680;0;180
"2014-04-28";0;428;0;357;0;143;0;100;0;464;0;145
"2014-04-29";0;411;0;483;0;90;0;140;0;489;0;183
"2014-04-30";0;415;0;265;0;63;0;146;0;508;0;104
"2014-05-01";0;589;0;337;0;168;0;40;0;871;0;186
"2014-05-02";0;416;0;269;0;157;0;54;0;530;0;181
"2014-05-03";0;704;0;356;0;295;0;163;0;617;0;300
"2014-05-04";0;899;0;488;0;456;0;110;0;849;0;269
"2014-05-05";0;535;0;417;0;167;0;102;0;506;0;217
"2014-05-06";0;514;0;305;0;159;0;261;0;650;0;208
"2014-05-07";0;507;0;332;0;112;0;88;0;645;0;169
"2014-05-08";0;484;0;243;0;201;0;69;0;618;0;188
"2014-05-09";0;369;0;254;0;44;0;44;0;545;0;110
"2014-05-10";0;639;0;351;0;145;0;107;0;464;0;117
"2014-05-11";0;686;0;387;0;264;0;48;0;533;0;485
"2014-05-12";0;458;0;399;0;81;0;66;0;491;0;244
"2014-05-13";0;393;0;397;0;134;0;67;0;568;0;190
"2014-05-14";0;317;0;293;0;1101;0;46;0;448;0;188
"2014-05-15";0;379;0;259;0;97;0;91;0;532;0;135
"2014-05-16";0;310;0;200;0;65;0;119;0;554;0;202
"2014-05-17";0;516;0;397;0;149;0;226;0;558;0;250
"2014-05-18";0;806;0;398;0;302;0;155;0;643;0;240
"2014-05-19";0;446;0;414;0;148;0;96;0;564;0;289
"2014-05-20";0;456;0;422;0;69;0;113;0;480;0;180
"2014-05-21";0;387;1;272;0;141;0;46;0;459;0;141
"2014-05-22";0;374;0;264;0;160;10;70;0;689;0;141
"2014-05-23";0;317;0;202;0;116;0;105;0;502;0;159
"2014-05-24";0;555;0;336;0;181;0;90;0;608;0;241
"2014-05-25";0;693;0;400;0;281;0;223;0;561;0;250
"2014-05-26";0;451;0;391;0;144;0;124;0;620;0;185
"2014-05-27";0;395;0;385;0;105;0;100;0;512;1;152
"2014-05-28";0;422;3;262;0;182;0;55;0;480;2;132
"2014-05-29";0;355;0;321;0;151;10;131;0;636;0;277
"2014-05-30";0;381;0;249;0;41;0;81;0;528;0;170
"2014-05-31";0;569;1;419;0;155;0;87;0;592;0;177
"2014-06-01";0;1081;0;516;0;332;0;174;0;941;0;236
"2014-06-02";0;492;1;403;0;289;0;136;0;640;0;227
"2014-06-03";0;577;0;370;0;252;0;139;0;598;0;189
"2014-06-04";0;489;2;303;0;136;1;67;0;609;0;179
"2014-06-05";0;452;0;261;0;272;10;292;0;739;0;419
"2014-06-06";0;441;0;256;0;129;0;66;0;574;0;129
"2014-06-07";0;612;0;402;0;232;0;59;0;618;0;180
"2014-06-08";0;847;0;426;0;199;0;181;0;756;0;244
"2014-06-09";0;449;3;470;0;179;1;101;0;619;0;169
"2014-06-10";0;493;0;331;0;248;0;106;0;552;0;179
"2014-06-11";0;395;0;290;0;140;0;107;0;661;0;632
"2014-06-12";0;332;0;254;15;88;10;159;0;614;0;134
"2014-06-13";1;320;0;243;0;93;0;76;0;601;0;120
"2014-06-14";0;580;0;370;0;79;0;135;4;576;0;218
"2014-06-15";1;720;0;394;1;243;0;138;0;605;0;219
"2014-06-16";0;634;0;384;0;1181;0;175;0;603;0;191
"2014-06-17";2;455;0;288;0;73;0;102;1;631;0;201
"2014-06-18";4;407;0;251;0;200;0;107;0;530;0;167
"2014-06-19";3;392;1;307;16;141;12;56;0;616;0;200
"2014-06-20";0;298;0;267;0;29;0;82;1;607;0;114
"2014-06-21";2;454;0;301;1;80;0;81;1;642;0;180
"2014-06-22";0;836;0;397;0;195;0;115;0;690;0;243
"2014-06-23";0;484;0;328;1;122;0;90;0;522;0;219
"2014-06-24";1;373;0;308;0;196;0;105;0;522;0;201
"2014-06-25";0;383;0;299;0;165;0;42;0;512;0;188
"2014-06-26";0;326;0;259;16;116;11;132;0;619;0;180
"2014-06-27";2;388;0;287;0;37;0;68;1;475;0;149
"2014-06-28";0;500;0;384;0;105;0;342;0;586;0;228
"2014-06-29";1;570;0;440;0;84;0;76;0;597;0;344
"2014-06-30";0;540;0;361;0;239;0;97;0;610;0;250
"2014-07-01";0;697;0;355;0;203;0;191;0;686;0;175
"2014-07-02";1;594;0;361;0;325;0;50;0;655;0;197
"2014-07-03";0;577;0;334;14;230;11;69;0;857;0;174
"2014-07-04";0;452;0;292;0;42;0;82;0;525;0;182
"2014-07-05";0;662;0;455;0;78;0;66;0;650;0;205
"2014-07-06";0;671;0;379;0;132;0;125;0;606;0;195
"2014-07-07";0;550;0;317;0;161;0;207;1;604;0;245
"2014-07-08";0;586;0;345;0;197;0;176;0;675;0;211
"2014-07-09";1;453;0;336;0;193;0;45;0;543;0;148
"2014-07-10";0;423;2;313;16;148;13;131;0;772;0;183
"2014-07-11";0;415;0;272;0;151;1;89;0;556;0;154
"2014-07-12";2;530;1;312;0;51;0;263;0;646;0;248
"2014-07-13";0;570;0;362;0;181;0;145;0;630;0;206
"2014-07-14";0;474;0;282;0;148;0;132;1;610;0;246
"2014-07-15";0;476;0;280;0;232;0;77;0;626;0;227
"2014-07-16";0;368;3;251;0;115;0;126;0;483;0;133
"2014-07-17";0;430;0;328;16;114;11;45;0;600;0;171
"2014-07-18";0;514;0;275;0;1083;0;72;0;562;0;148
"2014-07-19";1;490;0;383;0;57;0;72;1;516;0;170
"2014-07-20";0;631;0;347;0;169;0;127;0;526;0;159
"2014-07-21";0;441;0;348;0;318;0;103;0;571;0;175
"2014-07-22";2;473;0;279;1;128;0;307;1;625;0;222
"2014-07-23";0;334;0;274;0;239;0;100;0;482;0;126
"2014-07-24";0;376;0;298;15;128;11;58;0;668;0;144
"2014-07-25";0;390;0;222;0;75;0;47;0;475;0;155
"2014-07-26";1;437;0;385;0;96;0;140;0;581;0;178
"2014-07-27";1;498;0;272;0;125;0;112;1;758;0;210
"2014-07-28";1;438;0;324;0;116;0;66;0;636;0;246
"2014-07-29";1;423;0;281;1;100;0;97;0;993;0;158
"2014-07-30";1;374;0;225;0;123;0;44;0;838;0;169
"2014-07-31";0;425;0;299;14;99;10;104;0;609;0;181
"2014-08-01";1;519;0;295;0;201;0;143;0;586;0;178
"2014-08-02";0;664;1;294;0;178;2;90;0;710;0;214
"2014-08-03";1;619;0;334;1;289;0;129;0;672;0;180
"2014-08-04";0;500;0;331;0;207;0;53;0;680;0;228
"2014-08-05";1;567;0;305;0;127;0;150;0;813;0;145
"2014-08-06";0;515;0;272;1;126;0;144;0;708;1;145
"2014-08-07";0;378;0;270;15;102;11;76;0;705;0;190
"2014-08-08";0;472;0;280;1;122;0;118;0;634;0;129
"2014-08-09";0;487;0;318;0;122;0;86;0;663;0;169
"2014-08-10";2;498;0;296;0;118;0;87;0;705;0;172
"2014-08-11";3;522;0;291;0;91;0;54;0;735;0;201
"2014-08-12";0;487;0;243;0;190;0;55;0;627;0;200
"2014-08-13";1;409;0;306;0;144;0;100;0;504;0;209
"2014-08-14";1;370;0;156;13;103;11;96;0;477;0;149
"2014-08-15";0;446;2;261;1;91;1;116;0;527;0;181
"2014-08-16";2;452;0;327;1;138;1;63;0;553;0;165
"2014-08-17";1;552;0;346;2;157;1;129;0;468;0;174
"2014-08-18";0;524;0;264;1;184;1;258;0;618;0;178
"2014-08-19";0;472;0;257;1;346;1;61;1;575;0;158
"2014-08-20";3;418;0;311;2;218;1;120;1;637;0;187
"2014-08-21";0;375;3;289;11;103;11;158;0;654;0;177
"2014-08-22";0;345;0;227;1;150;1;75;0;478;0;279
"2014-08-23";0;507;0;296;1;112;1;156;0;613;0;165
"2014-08-24";0;533;0;304;1;255;1;155;0;639;0;144
"2014-08-25";0;429;0;286;1;1164;1;97;0;514;0;176
"2014-08-26";0;421;0;247;1;145;1;164;0;612;0;204
"2014-08-27";0;392;1;235;1;127;1;46;0;462;0;171
"2014-08-28";0;376;0;226;14;97;8;97;0;718;0;148
"2014-08-29";1;451;0;262;1;79;1;103;0;657;0;166
"2014-08-30";0;554;0;342;1;288;1;75;0;635;0;163
"2014-08-31";0;709;1;422;1;172;2;111;0;734;0;250
"2014-09-01";1;657;0;406;1;333;1;91;0;778;0;282
"2014-09-02";1;584;2;453;1;247;3;165;0;692;0;201
"2014-09-03";0;565;0;325;1;194;1;81;0;692;0;167
"2014-09-04";0;510;0;427;14;393;8;222;9;807;4;282
"2014-09-05";0;466;0;266;0;70;0;106;7;729;2;141
"2014-09-06";0;706;0;429;0;210;0;95;7;800;4;217
"2014-09-07";1;995;0;482;0;399;0;151;9;985;6;335
"2014-09-08";0;392;0;423;0;168;0;199;9;920;5;334
"2014-09-09";0;450;0;372;0;227;0;101;7;702;3;227
"2014-09-10";0;356;0;323;0;138;0;58;7;565;5;290
"2014-09-11";0;345;0;307;12;201;11;111;5;683;7;254
"2014-09-12";0;285;0;259;0;57;0;108;7;609;7;265
"2014-09-13";0;539;0;268;0;263;0;125;8;689;5;396
"2014-09-14";1;754;0;438;1;280;0;144;9;780;5;304
"2014-09-15";0;462;3;392;0;133;1;94;8;617;5;325
"2014-09-16";0;482;0;332;0;364;0;153;6;636;5;255
"2014-09-17";0;404;0;324;0;105;0;91;8;554;5;243
"2014-09-18";1;371;0;246;14;173;11;211;8;631;4;159
"2014-09-19";1;309;0;218;0;155;0;172;6;534;5;252
"2014-09-20";1;575;0;382;1;298;0;131;7;715;6;349
"2014-09-21";0;667;0;426;2;217;0;182;7;813;8;320
"2014-09-22";0;398;0;355;0;111;0;222;9;615;6;286
"2014-09-23";0;488;0;306;0;486;0;189;9;715;5;237
"2014-09-24";0;342;0;300;0;1165;0;205;5;556;5;333
"2014-09-25";0;338;0;287;11;148;12;107;0;605;0;165
"2014-09-26";3;367;0;244;0;99;0;29;0;475;0;166
"2014-09-27";0;559;0;394;0;184;0;167;0;662;0;163
"2014-09-28";1;726;0;434;1;194;0;158;0;672;0;187
"2014-09-29";0;468;1;335;0;193;0;185;0;602;0;198
"2014-09-30";0;445;0;381;0;234;0;73;0;542;0;158
"2014-10-01";2;585;1;348;0;263;0;77;0;739;0;208
"2014-10-02";0;623;0;309;15;239;12;83;0;843;0;240
"2014-10-03";0;455;1;332;0;241;0;80;0;632;0;139
"2014-10-04";0;775;0;430;0;231;0;134;0;800;0;272
"2014-10-05";0;905;1;479;0;199;1;106;0;871;0;312
"2014-10-06";0;565;0;410;0;212;0;156;0;625;0;250
"2014-10-07";1;517;0;456;0;339;0;154;0;593;0;180
"2014-10-08";0;416;1;362;0;91;1;213;0;561;0;179
"2014-10-09";0;425;0;288;17;220;12;99;0;610;0;147
"2014-10-10";0;503;0;269;0;167;0;158;0;605;0;205
"2014-10-11";2;645;1;363;1;118;0;104;1;759;0;185
"2014-10-12";1;811;0;505;1;290;0;335;0;774;0;296
"2014-10-13";0;446;0;457;0;183;0;82;0;636;0;201
"2014-10-14";0;411;0;334;0;112;0;165;0;551;0;314
"2014-10-15";1;497;0;346;0;469;0;74;1;586;0;156
"2014-10-16";0;431;0;334;13;440;9;166;0;825;0;177
"2014-10-17";0;354;0;272;0;129;0;154;0;479;0;158
"2014-10-18";0;509;1;381;0;160;0;118;0;570;0;151
"2014-10-19";0;855;1;525;2;204;0;146;0;818;0;278
"2014-10-20";3;473;0;410;0;103;0;193;0;597;0;196
"2014-10-21";1;455;0;323;0;140;0;147;0;580;0;145
"2014-10-22";0;351;0;325;0;238;1;42;0;475;0;151
"2014-10-23";1;425;0;330;14;409;8;323;0;686;0;157
"2014-10-24";0;336;1;213;0;116;0;66;1;525;0;148
"2014-10-25";1;535;3;359;0;243;0;65;0;622;0;239
"2014-10-26";0;828;0;524;1;251;0;254;0;785;0;249
"2014-10-27";0;427;1;448;0;226;0;115;0;461;0;195
"2014-10-28";1;357;0;317;0;271;0;241;0;494;0;169
"2014-10-29";1;286;0;317;0;59;0;59;0;436;0;209
"2014-10-30";1;360;0;256;13;321;12;73;0;562;0;151
"2014-10-31";1;360;1;281;0;182;0;54;0;433;0;76
"2014-11-01";0;808;0;345;0;439;0;358;1;689;0;122
"2014-11-02";0;758;0;240;0;272;0;51;0;664;0;107
"2014-11-03";0;791;0;553;1;248;0;231;0;636;0;271
"2014-11-04";1;573;1;557;0;417;0;190;1;583;0;217
"2014-11-05";0;541;1;359;0;165;0;68;0;591;0;231
"2014-11-06";0;474;0;300;14;165;12;90;0;737;0;230
"2014-11-07";0;428;0;353;0;107;0;134;0;444;0;177
"2014-11-08";0;659;0;177;0;235;0;67;0;589;0;76
"2014-11-09";0;891;0;610;1;257;0;202;0;784;0;262
"2014-11-10";0;450;1;330;0;272;0;46;0;554;0;239
"2014-11-11";2;460;0;314;0;317;0;136;1;639;0;160
"2014-11-12";0;326;0;354;0;138;0;123;0;519;0;223
"2014-11-13";2;432;0;314;15;227;9;153;0;688;0;179
"2014-11-14";0;340;0;284;0;118;0;148;0;584;0;141
"2014-11-15";0;608;3;333;1;222;0;306;2;667;1;149
"2014-11-16";0;816;1;539;0;394;0;250;2;752;1;299
"2014-11-17";0;514;0;436;0;114;0;68;0;596;1;261
"2014-11-18";0;424;4;408;0;244;0;120;0;558;0;150
"2014-11-19";2;438;2;321;0;61;0;26;0;589;0;167
"2014-11-20";0;361;0;340;16;305;11;72;0;653;0;232
"2014-11-21";0;334;0;230;0;211;0;70;0;561;0;178
"2014-11-22";0;497;0;390;1;322;0;152;0;517;0;111
"2014-11-23";0;804;0;537;1;264;0;183;0;730;0;313
"2014-11-24";1;445;0;345;0;255;0;94;1;537;0;227
"2014-11-25";1;400;0;350;1;186;0;134;0;512;0;229
"2014-11-26";1;319;0;360;0;224;0;67;0;519;0;213
"2014-11-27";0;362;0;290;11;178;13;84;0;596;0;145
"2014-11-28";2;351;0;282;0;124;0;60;1;500;0;159
"2014-11-29";4;597;0;473;1;180;1;145;1;673;0;226
"2014-11-30";1;878;0;551;0;279;0;177;0;762;0;296
"2014-12-01";1;651;4;507;1;187;2;189;1;600;1;273
"2014-12-02";5;600;0;358;1;391;0;148;1;698;1;242
"2014-12-03";3;500;0;352;1;529;0;87;1;557;0;113
"2014-12-04";1;448;0;377;14;519;8;104;0;751;0;134
"2014-12-05";2;398;0;297;0;102;1;105;1;585;0;168
"2014-12-06";0;668;1;396;0;319;0;143;2;635;1;198
"2014-12-07";2;979;0;506;2;385;0;111;1;748;0;248
"2014-12-08";2;481;0;399;0;246;0;199;1;668;0;190
"2014-12-09";2;458;1;325;0;234;1;126;2;515;0;195
"2014-12-10";0;432;0;315;0;161;0;112;0;560;0;131
"2014-12-11";1;362;0;291;14;394;12;69;1;467;0;213
"2014-12-12";4;312;1;271;1;69;0;103;0;474;0;133
"2014-12-13";1;461;0;369;0;138;0;121;1;583;0;146
"2014-12-14";2;711;2;494;0;237;1;208;0;751;1;278
"2014-12-15";0;504;1;467;0;106;0;111;0;510;0;164
"2014-12-16";4;458;0;385;1;134;0;285;3;542;0;182
"2014-12-17";0;534;0;382;1;225;0;100;2;483;0;170
"2014-12-18";4;368;0;336;15;250;11;144;2;648;0;216
"2014-12-19";0;421;0;325;0;33;0;77;0;438;0;218
"2014-12-20";1;436;1;384;0;197;0;168;0;586;0;158
"2014-12-21";1;643;1;458;0;293;1;164;0;666;0;237
"2014-12-22";2;485;0;420;2;210;0;164;0;937;0;167
"2014-12-23";4;544;3;398;1;92;0;101;0;657;0;140
"2014-12-24";0;533;1;331;0;158;0;122;0;548;0;104
"2014-12-26";4;492;0;383;1;155;0;203;0;631;0;191
"2014-12-27";1;514;0;266;0;306;0;107;0;613;0;127
"2014-12-28";0;530;2;263;0;190;0;92;0;601;0;154
"2014-12-29";4;422;0;352;1;217;0;166;2;597;0;158
"2014-12-30";3;559;2;369;2;304;0;85;0;670;0;171
"2014-12-31";0;586;2;340;0;117;0;176;0;595;1;126
"2015-01-01";0;0;0;0;0;0;0;0;0;0;0;0
"2015-01-02";0;710;3;385;0;459;1;257;0;1022;0;213
"2015-01-03";0;745;0;419;0;225;0;168;0;794;0;223
"2015-01-04";1;965;1;521;1;559;1;258;1;729;1;308
"2015-01-05";0;569;0;456;0;243;0;187;0;595;0;175
"2015-01-06";0;552;0;332;0;348;0;45;0;620;0;169
"2015-01-07";1;446;1;316;0;129;0;148;1;540;0;180
"2015-01-08";3;437;1;282;17;400;12;185;1;667;2;199
"2015-01-09";2;410;0;298;1;75;0;147;1;471;0;155
"2015-01-10";1;616;0;343;1;204;0;240;0;616;0;190
"2015-01-11";1;843;0;480;1;232;0;214;3;842;0;290
"2015-01-12";5;456;0;377;1;108;0;132;1;550;0;213
"2015-01-13";0;513;0;286;0;148;0;83;1;621;0;189
"2015-01-14";2;418;1;391;1;238;1;82;1;568;1;545
"2015-01-15";1;416;0;370;16;384;9;150;1;608;0;201
"2015-01-16";0;337;0;261;0;111;0;36;0;576;0;153
"2015-01-17";2;558;0;351;0;170;0;126;0;678;0;179
"2015-01-18";1;796;0;446;1;384;0;113;0;656;0;256
"2015-01-19";0;455;0;419;0;212;0;110;1;516;0;321
"2015-01-20";0;415;0;322;0;203;0;171;0;575;0;172
"2015-01-21";0;382;0;309;0;88;0;132;3;529;0;184
"2015-01-22";1;341;0;236;15;325;12;148;1;574;0;204
"2015-01-23";1;306;1;307;0;169;0;71;0;468;0;147
"2015-01-24";1;615;6;375;0;257;2;181;0;619;1;180
"2015-01-25";0;848;0;461;0;467;0;145;1;865;0;238
"2015-01-26";0;386;0;360;0;186;0;185;3;478;0;296
"2015-01-27";5;450;0;357;3;148;0;100;1;687;0;209
"2015-01-28";6;420;0;282;1;144;0;116;3;448;0;162
"2015-01-29";1;331;0;264;13;247;11;91;3;647;0;135
"2015-01-30";5;414;3;291;0;76;0;94;1;530;2;202
"2015-01-31";1;562;0;371;0;251;0;178;2;701;0;205
"2015-02-01";2;980;0;711;0;376;0;263;0;922;0;293
"2015-02-02";0;600;0;448;0;355;0;76;0;685;0;252
"2015-02-03";3;607;0;404;0;177;1;95;1;732;0;217
"2015-02-04";0;518;0;320;0;121;0;125;1;560;0;186
"2015-02-05";4;427;2;304;15;264;10;213;1;793;1;239
"2015-02-06";5;417;1;216;0;166;1;134;2;511;0;152
"2015-02-07";0;634;0;334;0;328;0;165;0;780;0;204
"2015-02-08";3;763;0;393;1;280;0;121;1;856;0;246
"2015-02-09";4;443;0;293;1;180;0;133;2;602;0;215
"2015-02-10";3;398;0;305;0;189;1;146;4;572;0;162
"2015-02-11";4;380;0;230;2;136;0;179;1;590;0;108
"2015-02-12";1;401;3;200;14;236;9;94;0;817;0;119
"2015-02-13";1;405;0;238;0;150;0;120;0;621;0;157
"2015-02-14";0;537;0;314;0;296;0;122;0;624;0;152
"2015-02-15";0;554;0;245;0;180;0;115;0;620;0;124
"2015-02-16";0;457;0;285;0;173;0;105;1;711;0;163
"2015-02-17";1;417;1;367;0;214;1;121;1;582;0;190
"2015-02-18";2;483;0;286;0;315;0;122;1;637;0;159
"2015-02-19";0;388;0;245;16;170;12;246;0;770;0;236
"2015-02-20";0;466;1;271;0;66;0;75;0;564;0;138
"2015-02-21";0;611;0;424;0;167;0;145;1;760;0;190
"2015-02-22";2;877;0;568;1;398;0;69;0;792;0;258
"2015-02-23";0;496;0;377;0;160;0;62;0;591;0;141
"2015-02-24";1;465;1;312;0;197;0;58;0;617;0;152
"2015-02-25";0;426;0;342;0;206;1;33;0;509;0;172
"2015-02-26";0;350;0;273;12;290;12;134;1;701;0;149
"2015-02-27";0;355;0;288;2;119;1;78;1;672;0;185
"2015-02-28";0;678;0;422;1;131;2;125;0;711;1;289
"2015-03-01";0;972;0;515;3;346;1;215;0;921;0;302
"2015-03-02";0;638;0;476;0;213;1;114;0;807;0;298
"2015-03-03";2;626;0;376;1;335;0;182;1;656;1;222
"2015-03-04";0;475;0;379;0;224;0;134;0;707;0;261
"2015-03-05";1;552;0;386;13;185;11;134;0;830;0;315
"2015-03-06";0;448;0;279;0;235;0;108;2;576;0;189
"2015-03-07";0;737;1;449;1;158;0;133;0;829;0;257
"2015-03-08";2;806;0;432;2;290;0;111;1;756;0;292
"2015-03-09";0;579;0;388;1;239;1;140;0;700;0;290
"2015-03-10";0;544;0;360;0;140;0;116;1;735;0;215
"2015-03-11";0;436;0;358;1;210;0;114;0;655;0;222
"2015-03-12";0;372;0;324;12;45;9;113;0;692;0;205
"2015-03-13";0;404;1;211;0;79;0;142;0;629;0;191
"2015-03-14";2;451;1;359;0;135;0;134;0;688;0;231
"2015-03-15";0;840;0;472;1;383;1;105;0;716;0;361
"2015-03-16";0;510;6;394;0;119;1;139;0;574;4;226
"2015-03-17";0;496;0;393;1;289;0;49;0;690;0;191
"2015-03-18";0;375;0;331;1;150;0;70;0;672;0;242
"2015-03-19";0;498;0;292;15;95;12;70;0;643;0;179
"2015-03-20";0;369;0;284;0;216;0;220;1;580;0;125
"2015-03-21";0;633;0;357;0;230;0;59;0;640;0;220
"2015-03-22";2;757;0;595;0;190;0;163;0;706;0;360
"2015-03-23";1;433;1;304;0;88;0;156;0;570;0;212
"2015-03-24";1;496;1;282;0;356;0;98;0;609;0;194
"2015-03-25";0;364;0;286;0;112;0;42;0;559;0;172
"2015-03-26";0;314;4;367;17;269;9;74;0;671;1;247
"2015-03-27";0;434;0;283;0;109;0;80;0;574;0;255
"2015-03-28";1;545;0;375;3;141;0;181;0;585;1;188
"2015-03-29";0;756;0;336;0;165;0;74;2;804;1;202
"2015-03-30";1;438;0;0;0;255;0;0;1;577;0;0
"2015-03-31";1;582;0;0;1;315;0;0;0;630;0;0
"2015-04-01";0;769;0;0;0;188;0;0;0;672;0;0
"2015-04-02";0;921;0;0;18;239;0;0;0;674;0;0
"2015-04-03";0;898;0;0;0;239;0;0;0;661;0;0
"2015-04-04";0;683;0;0;0;293;0;0;0;796;0;0
"2015-04-05";1;944;0;0;3;376;0;0;0;1070;0;0
"2015-04-06";0;577;0;0;0;152;0;0;0;694;0;0
"2015-04-07";0;590;0;0;0;155;0;0;1;631;0;0
"2015-04-08";0;481;0;0;0;137;0;0;0;740;0;0
"2015-04-09";0;376;0;0;18;103;0;0;0;702;0;0
"2015-04-10";1;367;0;0;0;94;0;0;0;526;0;0
"2015-04-11";0;588;0;0;0;178;0;0;0;675;0;0
"2015-04-12";0;885;0;0;0;224;0;0;0;752;0;0
"2015-04-13";1;441;0;0;0;157;0;0;0;528;0;0
"2015-04-14";0;446;0;0;0;117;0;0;0;575;0;0
"2015-04-15";0;521;0;0;0;195;0;0;0;603;0;0
"2015-04-16";0;430;0;0;15;107;0;0;0;583;0;0
"2015-04-17";1;356;0;0;0;338;0;0;0;515;0;0
"2015-04-18";0;696;0;0;1;104;0;0;1;684;0;0
"2015-04-19";3;900;0;0;0;273;0;0;1;851;0;0
"2015-04-20";3;465;0;0;0;136;0;0;0;684;0;0
"2015-04-21";2;448;0;0;0;104;0;0;1;659;0;0
"2015-04-22";3;312;0;0;0;121;0;0;0;524;0;0
"2015-04-23";2;378;0;0;15;155;0;0;0;648;0;0
"2015-04-24";0;393;0;0;0;118;0;0;2;537;0;0
"2015-04-25";0;548;0;0;0;153;0;0;0;536;0;0
"2015-04-26";0;768;0;0;2;285;0;0;1;688;0;0
"2015-04-27";0;460;0;0;0;174;0;0;1;539;0;0
"2015-04-28";0;365;0;0;0;75;0;0;0;507;0;0
"2015-04-29";3;354;0;0;0;92;0;0;1;557;0;0
"2015-04-30";1;447;0;0;17;88;0;0;0;763;0;0
"2015-05-01";4;633;0;0;0;234;0;0;2;780;0;0
"2015-05-02";3;896;0;0;0;231;0;0;0;952;0;0
"2015-05-03";1;1028;0;0;1;312;0;0;0;1092;0;0
"2015-05-04";1;574;0;0;1;222;0;0;0;651;0;0
"2015-05-05";0;607;0;0;0;360;0;0;0;735;0;0
"2015-05-06";2;559;0;0;0;168;0;0;1;824;0;0
"2015-05-07";1;529;0;0;15;132;0;0;0;869;0;0
"2015-05-08";0;392;0;0;0;96;0;0;0;660;0;0
"2015-05-09";1;666;0;0;0;117;0;0;0;712;0;0
"2015-05-10";0;812;0;0;0;254;0;0;2;775;0;0
"2015-05-11";0;518;0;0;0;193;0;0;1;661;0;0
"2015-05-12";1;466;0;0;0;95;0;0;0;665;0;0
"2015-05-13";0;386;0;0;0;212;0;0;0;582;0;0
"2015-05-14";3;433;0;0;14;62;0;0;0;766;0;0
"2015-05-15";0;364;0;0;0;159;0;0;0;538;0;0
"2015-05-16";1;605;0;0;0;126;0;0;0;570;0;0
"2015-05-17";0;857;0;0;0;259;0;0;0;837;0;0
"2015-05-18";1;459;0;0;0;380;0;0;0;609;0;0
"2015-05-19";1;449;0;0;0;128;0;0;0;663;0;0
"2015-05-20";1;402;0;0;0;149;0;0;0;538;0;0
"2015-05-21";2;400;0;0;14;80;0;0;0;491;0;0
"2015-05-22";2;347;0;0;0;49;0;0;0;591;0;0
"2015-05-23";1;612;0;0;0;338;0;0;0;642;0;0
"2015-05-24";1;752;0;0;0;160;0;0;0;686;0;0
"2015-05-25";2;490;0;0;0;127;0;0;1;613;0;0
"2015-05-26";0;424;0;0;0;145;0;0;0;555;0;0
"2015-05-27";3;381;0;0;0;182;0;0;1;555;0;0
"2015-05-28";1;407;0;0;16;282;0;0;1;533;0;0
"2015-05-29";1;399;1;668;0;118;0;79;1;544;1;339
"2015-05-30";1;671;0;781;0;189;0;72;1;689;1;485
"2015-05-31";0;1019;0;879;0;221;0;98;2;915;1;398
"2015-06-01";3;703;0;531;0;235;0;58;1;643;1;255
"2015-06-02";6;533;2;548;0;319;0;126;1;657;1;190
"2015-06-03";2;546;1;359;0;208;0;50;0;662;0;215
"2015-06-04";1;542;0;481;17;212;10;63;1;742;1;198
"2015-06-05";1;468;0;306;0;49;0;49;1;577;1;206
"2015-06-06";1;665;2;517;0;151;0;64;1;651;1;189
"2015-06-07";0;913;1;639;0;226;0;77;0;774;0;293
"2015-06-08";2;503;2;494;0;171;0;79;2;657;2;269
"2015-06-09";2;478;3;350;0;104;0;37;0;640;1;204
"2015-06-10";0;403;1;356;0;99;0;89;2;485;0;191
"2015-06-11";1;357;0;316;0;100;0;50;2;519;0;203
"2015-06-12";0;362;0;259;0;66;0;88;1;488;0;152
"2015-06-13";1;561;1;423;0;116;3;89;1;715;1;263
"2015-06-14";1;729;0;441;0;132;0;73;58;758;35;312
"2015-06-15";0;543;0;362;16;428;10;38;0;535;0;190
"2015-06-16";2;486;0;371;0;144;0;54;0;591;1;216
"2015-06-17";87;408;72;348;0;191;0;153;1;524;0;198
"2015-06-18";3;493;1;320;1;115;0;39;1;653;1;148
"2015-06-19";2;403;0;314;0;50;0;28;1;483;0;164
"2015-06-20";1;541;0;448;0;135;0;40;0;681;0;187
"2015-06-21";0;724;3;449;0;241;0;45;61;643;34;226
"2015-06-22";1;509;2;381;18;173;10;109;0;591;0;229
"2015-06-23";2;476;0;347;0;148;0;66;1;550;0;173
"2015-06-24";94;411;72;329;0;92;0;74;3;419;1;190
"2015-06-25";0;373;0;282;0;75;0;61;1;637;1;164
"2015-06-26";0;430;0;326;0;35;0;26;0;515;0;203
"2015-06-27";0;553;0;358;0;168;0;88;0;602;0;204
"2015-06-28";0;748;2;473;0;178;1;102;62;774;38;222
"2015-06-29";0;428;0;329;17;170;14;75;0;526;0;204
"2015-06-30";0;542;0;325;0;153;0;63;0;468;0;212
"2015-07-01";99;609;82;404;0;238;0;68;0;627;0;258
"2015-07-02";0;623;1;423;0;179;0;38;2;740;1;179
"2015-07-03";0;436;0;284;0;81;0;38;1;533;0;176
"2015-07-04";0;712;0;416;0;166;0;127;1;643;1;203
"2015-07-05";1;741;0;388;0;290;0;65;63;700;37;230
"2015-07-06";0;573;4;369;18;240;13;80;0;644;1;222
"2015-07-07";0;601;0;350;0;122;0;73;0;664;1;196
"2015-07-08";98;539;74;241;0;128;0;86;1;596;0;148
"2015-07-09";1;447;1;259;0;155;0;92;1;667;1;200
"2015-07-10";0;379;0;260;0;227;0;30;1;542;0;148
"2015-07-11";0;567;0;399;0;177;0;136;0;613;0;187
"2015-07-12";1;597;3;407;1;217;0;71;62;570;32;219
"2015-07-13";0;447;0;367;17;131;13;131;0;588;0;188
"2015-07-14";0;442;0;308;0;94;0;41;0;522;0;165
"2015-07-15";100;470;69;332;0;159;0;86;2;509;0;177
"2015-07-16";0;484;0;270;0;181;0;68;0;576;1;115
"2015-07-17";0;445;1;219;0;99;0;28;0;532;1;189
"2015-07-18";0;478;0;314;0;166;0;44;1;506;1;164
"2015-07-19";1;507;0;345;0;116;0;156;63;560;32;190
"2015-07-20";0;544;0;382;17;268;11;115;0;524;0;166
"2015-07-21";1;552;0;224;1;90;0;49;0;579;0;134
"2015-07-22";97;423;71;346;0;93;0;31;0;460;1;148
"2015-07-23";1;325;2;285;0;150;0;53;0;546;0;171
"2015-07-24";0;481;0;325;0;188;0;19;0;570;0;177
"2015-07-25";3;488;1;349;0;121;0;59;2;581;0;143
"2015-07-26";0;657;1;359;0;158;0;74;62;593;33;193
"2015-07-27";0;431;0;337;14;173;8;52;2;635;0;201
"2015-07-28";0;402;0;317;0;92;0;100;0;537;0;195
"2015-07-29";96;364;69;282;0;65;0;87;0;510;0;183
"2015-07-30";0;346;1;254;0;76;0;52;0;470;0;146
"2015-07-31";0;496;3;292;0;57;0;18;0;568;0;140
"2015-08-01";0;633;0;437;0;329;0;40;0;650;0;183
"2015-08-02";0;752;0;349;0;201;0;49;67;632;30;188
"2015-08-03";0;594;2;335;17;219;14;83;0;696;0;197
"2015-08-04";0;625;0;374;1;90;0;60;0;598;0;163
"2015-08-05";107;551;73;291;0;147;0;61;0;552;0;154
"2015-08-06";1;555;0;292;0;93;0;88;0;782;0;177
"2015-08-07";1;480;0;287;0;52;0;26;1;678;0;195
"2015-08-08";0;599;0;324;0;81;0;60;0;564;0;166
"2015-08-09";0;602;2;297;0;101;0;51;64;661;30;144
"2015-08-10";0;540;0;318;16;385;12;64;0;616;0;202
"2015-08-11";2;464;0;318;1;61;0;88;2;553;1;186
"2015-08-12";101;453;80;344;0;94;0;59;0;510;0;185
"2015-08-13";0;387;0;331;0;116;0;65;0;649;0;167
"2015-08-14";0;451;0;523;0;118;0;267;0;490;0;436
"2015-08-15";0;515;0;552;0;188;0;169;0;628;0;332
"2015-08-16";0;575;1;305;0;193;0;24;64;590;26;215
"2015-08-17";0;520;0;298;17;231;3;18;0;569;0;178
"2015-08-18";0;472;0;260;0;32;0;87;0;477;0;159
"2015-08-19";101;552;74;260;0;65;1;47;1;486;0;139
"2015-08-20";0;498;1;257;0;36;1;126;1;646;0;169
"2015-08-21";1;383;0;315;0;76;0;36;0;472;0;162
"2015-08-22";0;576;1;272;0;157;0;95;0;532;0;142
"2015-08-23";0;576;2;290;0;152;0;60;66;524;28;179
"2015-08-24";0;419;0;253;18;141;10;49;0;569;0;174
"2015-08-25";0;433;0;283;0;126;0;98;0;557;0;179
"2015-08-26";95;386;70;254;0;54;0;15;0;486;0;156
"2015-08-27";0;397;0;259;0;49;0;38;0;682;0;186
"2015-08-28";0;324;0;270;0;58;0;62;0;459;0;161
"2015-08-29";0;554;3;350;0;210;0;128;0;531;0;157
"2015-08-30";0;661;0;332;0;136;0;68;65;760;33;206
"2015-08-31";0;605;0;389;17;166;12;91;0;649;0;211
"2015-09-01";0;732;0;351;0;181;1;103;0;674;0;190
"2015-09-02";112;624;82;358;0;265;0;51;0;615;1;163
"2015-09-03";0;560;0;296;0;62;0;84;1;672;1;201
"2015-09-04";0;466;0;311;0;87;0;39;2;546;0;134
"2015-09-05";0;695;1;385;0;209;0;47;3;717;0;245
"2015-09-06";0;915;0;411;0;224;0;178;74;978;32;234
"2015-09-07";1;565;0;444;15;401;11;33;1;630;1;274
"2015-09-08";0;526;0;324;0;178;0;61;1;590;0;224
"2015-09-09";97;506;75;307;0;67;0;36;0;539;0;175
"2015-09-10";0;382;1;305;0;79;0;52;2;533;1;147
"2015-09-11";0;362;0;238;0;99;0;36;1;405;1;183
"2015-09-12";1;538;0;288;0;174;0;95;2;548;0;118
"2015-09-13";0;740;0;505;0;161;0;52;69;899;30;247
"2015-09-14";0;461;0;380;14;192;13;65;2;671;1;215
"2015-09-15";0;455;0;310;1;94;0;57;2;574;0;181
"2015-09-16";92;472;71;273;0;67;1;29;0;555;0;158
"2015-09-17";0;348;1;261;1;57;1;20;1;487;0;148
"2015-09-18";0;362;0;219;1;101;0;35;1;428;1;114
"2015-09-19";0;560;0;366;0;214;0;37;1;609;0;191
"2015-09-20";0;750;0;406;1;237;0;59;73;882;31;200
"2015-09-21";0;444;0;352;15;138;13;74;0;552;0;221
"2015-09-22";0;452;0;280;2;171;1;29;0;593;1;195
"2015-09-23";92;393;74;381;2;166;0;20;2;510;0;201
"2015-09-24";1;357;1;308;1;88;0;24;0;512;0;177
"2015-09-25";0;365;0;293;0;145;1;24;1;597;0;166
"2015-09-26";1;545;0;379;0;231;0;86;0;632;0;173
"2015-09-27";2;642;0;454;1;188;1;107;65;765;30;233
"2015-09-28";0;415;0;361;18;147;9;181;1;517;0;221
"2015-09-29";0;426;0;309;0;125;0;33;0;547;0;149
"2015-09-30";98;429;71;341;0;73;0;28;0;528;0;135
"2015-10-01";0;526;0;420;0;269;0;24;0;597;0;229
"2015-10-02";2;493;0;399;0;84;0;27;0;549;0;152
"2015-10-03";2;792;0;461;0;167;0;101;0;692;0;193
"2015-10-04";2;1059;0;592;0;230;0;56;73;867;32;362
"2015-10-05";0;549;1;455;19;91;10;42;0;603;0;135
"2015-10-06";0;505;1;321;0;156;0;26;0;626;0;156
"2015-10-07";106;525;76;329;0;115;0;63;0;503;0;127
"2015-10-08";0;429;0;256;0;169;0;41;0;583;0;156
"2015-10-09";2;621;0;348;0;106;0;40;0;698;0;152
"2015-10-10";0;479;0;426;0;102;1;104;0;609;0;164
"2015-10-11";0;928;1;433;0;239;0;60;71;912;35;238
"2015-10-12";0;518;0;415;13;52;11;101;0;555;0;212
"2015-10-13";0;418;2;328;0;109;0;20;0;523;0;144
"2015-10-14";94;405;76;373;0;147;0;81;0;485;0;184
"2015-10-15";0;389;1;308;0;84;0;68;0;535;0;141
"2015-10-16";1;409;0;303;0;135;0;39;0;511;0;173
"2015-10-17";0;576;1;472;0;164;0;75;1;586;0;194
"2015-10-18";0;901;0;494;0;263;0;38;69;989;36;251
"2015-10-19";0;526;0;302;17;175;11;51;0;546;1;161
"2015-10-20";0;457;0;383;0;60;0;71;0;500;0;169
"2015-10-21";93;422;76;310;0;85;0;43;0;451;0;166
"2015-10-22";0;370;0;288;0;126;0;36;0;423;0;123
"2015-10-23";2;364;0;253;0;101;0;25;0;513;0;123
"2015-10-24";0;642;0;436;0;183;0;101;0;454;0;163
"2015-10-25";0;791;0;538;0;198;0;65;66;850;34;282
"2015-10-26";1;489;0;398;16;236;13;45;0;471;0;186
"2015-10-27";0;430;0;326;0;55;0;63;1;424;0;146
"2015-10-28";92;342;74;334;0;83;0;46;0;404;0;142
"2015-10-29";0;362;0;262;0;79;0;31;0;441;0;126
"2015-10-30";1;345;0;173;0;41;0;15;0;418;0;95
"2015-10-31";0;724;0;387;0;114;0;54;1;570;0;114
"2015-11-01";0;839;0;263;0;276;0;41;71;684;31;122
"2015-11-02";0;719;0;239;17;176;10;33;1;554;0;158
"2015-11-03";0;833;0;519;0;130;0;85;1;584;0;231
"2015-11-04";106;566;81;492;0;169;0;50;0;535;0;243
"2015-11-05";0;459;0;376;0;218;0;32;1;441;0;155
"2015-11-06";1;412;0;291;0;70;0;52;2;417;0;147
"2015-11-07";0;621;0;393;0;255;1;92;1;605;0;127
"2015-11-08";0;879;0;505;0;231;0;63;71;788;39;267
"2015-11-09";0;478;0;385;17;179;11;55;1;588;0;186
"2015-11-10";0;495;0;367;0;164;0;34;0;480;0;147
"2015-11-11";104;393;73;276;0;62;0;41;0;524;0;112
"2015-11-12";0;375;0;261;0;125;0;21;0;476;0;179
"2015-11-13";3;360;0;298;0;50;0;33;0;370;0;137
"2015-11-14";2;626;0;363;0;140;0;93;1;542;0;182
"2015-11-15";0;879;0;479;1;244;0;72;68;780;41;225
"2015-11-16";3;499;0;399;17;255;12;115;0;443;0;177
"2015-11-17";2;418;0;296;1;173;0;54;0;463;0;188
"2015-11-18";98;451;79;333;0;106;0;24;0;476;0;116
"2015-11-19";0;356;0;307;0;18;0;60;0;451;0;128
"2015-11-20";3;329;1;346;1;145;0;20;1;504;0;139
"2015-11-21";1;558;1;444;0;183;0;32;1;613;0;179
"2015-11-22";1;640;0;376;0;247;0;45;63;819;37;208
"2015-11-23";0;461;2;379;14;274;11;46;1;520;0;178
"2015-11-24";3;489;0;309;1;54;0;45;1;551;0;167
"2015-11-25";101;406;78;351;0;164;0;37;0;515;0;166
"2015-11-26";2;338;1;280;0;62;0;24;1;459;0;138
"2015-11-27";4;367;0;251;0;134;0;37;0;364;0;111
"2015-11-28";2;535;1;363;1;114;0;94;0;549;0;160
"2015-11-29";5;779;2;456;1;146;1;105;65;884;37;237
"2015-11-30";1;525;1;461;18;201;11;41;0;481;0;176
"2015-12-01";3;690;0;393;1;130;1;50;0;629;0;196
"2015-12-02";113;680;79;503;0;86;1;146;0;659;0;164
"2015-12-03";1;524;4;303;1;133;1;27;0;548;0;164
"2015-12-04";5;475;4;279;1;65;1;35;0;448;0;176
"2015-12-05";4;699;1;407;1;196;0;43;0;537;0;177
"2015-12-06";1;999;0;486;0;284;0;62;69;749;41;242
"2015-12-07";3;558;1;429;17;181;13;46;0;643;0;172
"2015-12-08";2;467;1;297;1;87;1;65;0;565;0;160
"2015-12-09";104;479;85;379;0;134;0;87;0;348;0;121
"2015-12-10";1;375;0;271;0;114;0;15;1;424;0;117
"2015-12-11";4;380;4;252;0;59;1;19;0;503;0;132
"2015-12-12";2;540;1;427;0;82;0;86;0;563;0;180
"2015-12-13";3;779;0;508;1;126;0;74;66;674;38;232
"2015-12-14";2;467;1;346;15;172;11;61;0;462;0;171
"2015-12-15";0;422;0;342;0;135;0;88;0;401;0;175
"2015-12-16";99;438;85;409;0;144;1;38;0;419;0;155
"2015-12-17";0;418;0;333;0;162;0;44;0;448;0;128
"2015-12-18";2;450;1;223;0;47;0;27;0;602;0;117
"2015-12-19";2;605;3;448;0;107;0;61;0;492;1;119
"2015-12-20";2;761;0;457;0;147;0;105;66;738;37;194
"2015-12-21";0;511;1;404;15;219;9;54;0;598;0;199
"2015-12-22";2;754;1;401;0;57;0;41;0;572;0;174
"2015-12-23";107;603;84;407;0;91;0;96;0;428;0;108
"2015-12-24";3;887;0;470;0;66;0;72;0;571;0;117
"2015-12-26";2;563;0;379;0;112;0;29;0;545;0;192
"2015-12-27";2;595;1;356;0;91;0;79;65;652;37;136
"2015-12-28";0;453;0;325;13;244;12;43;0;503;0;155
"2015-12-29";1;510;0;367;1;59;0;28;0;449;0;91
"2015-12-30";105;524;85;357;0;194;0;22;0;477;0;118
"2015-12-31";1;625;1;394;1;92;0;73;0;591;0;140
"2016-01-01";0;0;0;0;0;0;0;0;0;0;0;0
"2016-01-02";0;867;0;523;0;178;1;45;0;812;0;193
"2016-01-03";0;1016;1;630;0;286;0;153;67;784;39;289
"2016-01-04";3;773;0;492;16;206;11;98;0;560;0;180
"2016-01-05";1;614;0;475;1;144;0;27;0;600;0;146
"2016-01-06";93;493;84;390;1;100;0;45;0;494;0;133
"2016-01-07";3;399;1;339;1;71;0;34;0;581;0;182
"2016-01-08";2;444;3;279;0;151;0;31;0;420;0;153
"2016-01-09";3;642;1;426;1;165;1;72;0;553;0;208
"2016-01-10";2;997;1;533;1;202;0;104;68;915;39;228
"2016-01-11";3;546;0;380;15;242;15;58;0;518;0;153
"2016-01-12";0;462;2;354;1;136;1;32;0;511;0;138
"2016-01-13";98;418;83;347;0;144;0;25;0;421;0;150
"2016-01-14";0;396;1;292;0;77;0;32;0;507;0;130
"2016-01-15";2;420;0;322;0;136;0;23;0;452;0;149
"2016-01-16";0;680;0;545;0;119;0;52;0;581;0;189
"2016-01-17";1;841;1;517;1;265;0;103;71;739;37;225
"2016-01-18";3;455;0;415;16;74;12;52;0;467;0;184
"2016-01-19";3;509;0;322;1;149;1;55;0;512;0;135
"2016-01-20";107;461;0;346;1;114;0;46;0;459;0;146
"2016-01-21";0;351;0;327;0;43;0;104;0;450;0;168
"2016-01-22";1;418;0;265;0;90;0;37;0;434;0;142
"2016-01-23";0;608;0;390;0;80;0;51;0;575;0;188
"2016-01-24";0;774;0;525;0;198;0;122;67;813;40;235
"2016-01-25";0;447;1;442;17;132;12;66;0;562;0;184
"2016-01-26";0;411;0;356;0;95;0;34;0;532;0;204
"2016-01-27";79;334;83;393;0;120;0;52;0;525;0;144
"2016-01-28";0;334;0;339;0;85;0;52;0;447;0;117
"2016-01-29";2;462;0;318;0;33;0;51;0;494;0;134
"2016-01-30";0;570;0;514;0;171;0;108;0;589;0;174
"2016-01-31";0;951;0;473;0;124;0;40;69;725;38;246
"2016-02-01";0;717;0;429;17;182;11;80;0;621;0;239
"2016-02-02";0;680;0;468;0;93;0;43;0;584;0;174
"2016-02-03";97;517;83;378;0;69;0;47;0;585;0;158
"2016-02-04";0;591;0;359;0;132;0;35;0;597;0;156
"2016-02-05";2;502;0;269;0;74;0;24;0;440;0;144
"2016-02-06";0;750;0;454;0;107;0;76;0;714;0;187
"2016-02-07";0;696;0;327;0;168;0;200;65;744;42;157
"2016-02-08";0;541;0;321;16;164;12;77;0;580;0;122
"2016-02-09";1;544;0;331;0;97;0;48;0;610;0;146
"2016-02-10";100;553;90;395;0;132;0;71;0;501;0;164
"2016-02-11";0;462;0;332;0;35;0;52;0;490;0;165
"2016-02-12";2;480;0;311;0;80;0;42;0;518;0;140
"2016-02-13";0;551;0;485;0;131;0;44;0;603;0;212
"2016-02-14";0;775;1;578;0;185;0;49;71;657;43;205
"2016-02-15";0;555;0;415;16;192;12;74;0;560;0;224
"2016-02-16";0;607;1;372;0;116;0;56;0;595;0;212
"2016-02-17";105;609;80;401;0;117;0;26;0;633;0;180
"2016-02-18";0;429;0;399;0;67;0;33;0;370;0;137
"2016-02-19";1;454;0;302;0;113;0;51;0;459;0;95
"2016-02-20";0;590;0;529;0;83;0;39;0;639;0;180
"2016-02-21";0;850;0;570;0;211;0;104;64;849;39;225
"2016-02-22";0;483;0;496;19;123;11;35;0;564;0;205
"2016-02-23";0;447;0;466;0;43;0;90;0;509;0;176
"2016-02-24";110;497;85;455;0;105;0;44;0;508;0;154
"2016-02-25";0;368;0;347;0;52;0;43;0;503;0;142
"2016-02-26";2;471;0;307;0;171;0;68;0;515;0;168
"2016-02-27";0;596;0;474;0;108;1;38;0;588;0;229
"2016-02-28";0;870;0;575;0;172;0;111;65;760;40;206
"2016-02-29";0;512;0;408;15;84;11;55;0;465;0;143
"2016-03-01";0;895;0;534;0;185;0;73;0;719;0;239
"2016-03-02";103;782;91;463;0;146;0;51;0;554;0;183
"2016-03-03";1;607;0;397;0;85;0;19;1;584;5;169
"2016-03-04";3;597;0;426;0;97;0;26;2;558;4;144
"2016-03-05";1;763;0;466;0;164;0;54;4;725;1;193
"2016-03-06";0;1062;0;544;0;242;0;91;69;990;36;231
"2016-03-07";0;524;0;418;18;205;12;123;4;636;4;156
"2016-03-08";0;587;0;429;0;172;0;81;4;664;5;146
"2016-03-09";106;614;86;448;1;68;0;31;4;474;2;136
"2016-03-10";0;452;0;394;1;56;0;44;5;508;2;159
"2016-03-11";2;462;0;341;1;67;1;44;7;496;2;144
"2016-03-12";1;637;0;511;1;100;0;80;5;585;7;190
"2016-03-13";0;765;1;532;1;119;0;124;65;845;40;234
"2016-03-14";0;520;0;470;16;118;11;45;2;480;1;172
"2016-03-15";1;596;0;407;1;114;0;59;5;619;5;161
"2016-03-16";102;520;89;433;1;168;1;31;3;559;3;179
"2016-03-17";0;448;0;379;0;94;1;26;3;508;4;137
"2016-03-18";0;370;0;348;1;100;1;37;3;517;0;134
"2016-03-19";0;614;1;428;1;147;0;73;4;609;2;151
"2016-03-20";0;851;1;507;0;181;1;119;66;782;38;216
"2016-03-21";0;550;0;343;18;262;11;128;2;624;2;128
"2016-03-22";0;569;0;368;0;65;0;34;4;536;3;142
"2016-03-23";109;715;86;483;0;139;0;49;3;445;1;139
"2016-03-24";0;716;0;446;0;282;0;85;0;466;0;125
"2016-03-25";0;705;0;428;0;192;0;81;0;520;0;127
"2016-03-26";1;599;0;445;0;133;0;59;0;589;0;140
"2016-03-27";0;799;0;586;0;238;0;100;65;737;36;215
"2016-03-28";0;467;0;465;18;184;12;59;0;482;0;141
"2016-03-29";0;514;0;527;0;62;0;63;0;514;0;168
"2016-03-30";94;439;84;406;0;41;0;26;0;411;0;105
"2016-03-31";0;476;0;263;0;59;0;26;0;558;0;146
"2016-04-01";0;717;0;472;0;158;0;69;0;619;0;182
"2016-04-02";0;921;0;590;0;191;0;78;0;772;0;185
"2016-04-03";0;1308;0;627;0;131;0;125;69;1040;40;230
"2016-04-04";0;547;0;521;15;271;11;54;0;722;0;177
"2016-04-05";0;652;0;435;0;101;0;101;1;658;0;232
"2016-04-06";117;675;88;481;0;170;0;47;0;528;0;156
"2016-04-07";0;539;0;352;0;108;0;36;0;544;0;146
"2016-04-08";4;604;0;387;0;65;0;29;1;480;0;127
"2016-04-09";2;728;0;532;0;98;0;101;1;563;0;171
"2016-04-10";0;986;2;632;0;265;0;154;67;821;42;292
"2016-04-11";1;553;0;493;18;200;11;48;2;546;0;153
"2016-04-12";3;635;0;482;0;102;0;35;1;614;0;153
"2016-04-13";99;627;94;427;0;71;0;52;1;513;0;134
"2016-04-14";7;422;7;388;0;38;0;20;2;501;2;121
"2016-04-15";8;625;9;348;0;41;0;68;3;530;1;161
"2016-04-16";12;771;8;539;0;121;0;92;2;675;1;143
"2016-04-17";13;1074;10;696;0;162;0;99;69;835;40;267
"2016-04-18";10;703;7;557;16;152;12;122;2;666;1;242
"2016-04-19";8;628;7;452;0;44;0;55;2;585;1;152
"2016-04-20";109;586;88;578;0;169;0;22;3;573;1;153
"2016-04-21";10;564;6;467;0;58;0;51;2;636;1;134
"2016-04-22";9;481;6;433;0;57;0;36;2;454;2;149
"2016-04-23";10;741;5;504;0;174;0;46;3;630;2;214
"2016-04-24";9;977;8;587;0;206;0;166;71;969;44;261
"2016-04-25";7;618;9;482;18;101;10;32;2;624;1;238
"2016-04-26";12;549;4;429;0;82;0;60;2;536;1;149
"2016-04-27";106;525;94;457;0;147;0;30;2;515;1;133
"2016-04-28";8;372;8;330;0;77;0;21;3;536;2;131
"2016-04-29";7;448;7;439;0;73;0;97;2;531;1;162
"2016-04-30";10;755;5;517;0;88;0;73;4;691;1;160
"2016-05-01";14;1365;9;666;0;224;0;107;72;1034;42;230
"2016-05-02";8;698;9;640;18;236;10;43;20;605;17;328
"2016-05-03";9;784;5;528;0;132;0;33;20;680;15;216
"2016-05-04";110;725;91;539;0;153;0;26;19;624;14;162
"2016-05-05";11;614;9;438;0;131;0;29;17;628;16;186
"2016-05-06";12;546;7;405;1;168;0;21;20;574;13;161
"2016-05-07";11;824;5;560;0;109;0;49;18;661;15;182
"2016-05-08";8;808;9;511;0;118;0;39;70;825;40;214
"2016-05-09";10;650;7;534;18;158;9;49;17;642;17;187
"2016-05-10";11;603;7;464;0;103;0;21;17;621;16;240
"2016-05-11";110;672;86;446;0;78;0;15;11;507;6;127
"2016-05-12";6;480;2;415;2;90;1;31;12;572;10;162
"2016-05-13";5;381;1;444;2;192;0;28;13;442;10;135
"2016-05-14";6;642;3;506;1;129;2;94;18;561;12;155
"2016-05-15";6;1005;3;679;2;310;2;74;65;818;41;275
"2016-05-16";7;629;3;476;19;206;11;54;18;697;13;192
"2016-05-17";7;547;2;420;2;99;1;37;16;548;12;160
"2016-05-18";115;618;97;482;1;116;2;40;16;444;11;166
"2016-05-19";6;449;4;430;2;48;2;87;16;543;11;166
"2016-05-20";6;517;3;391;2;115;1;50;13;429;11;143
"2016-05-21";5;688;2;496;2;128;2;78;16;636;11;180
"2016-05-22";6;1067;3;668;2;187;2;137;73;870;44;272
"2016-05-23";3;642;3;484;19;90;13;51;15;583;12;199
"2016-05-24";6;551;2;465;1;78;1;39;15;502;13;182
"2016-05-25";104;551;93;519;1;102;2;72;16;560;13;190
"2016-05-26";6;462;2;386;2;79;0;22;12;555;11;140
"2016-05-27";8;640;3;423;2;209;2;34;15;630;11;181
"2016-05-28";6;749;3;442;2;129;1;71;15;730;13;173
"2016-05-29";8;918;3;594;2;150;1;80;66;816;41;251
"2016-05-30";6;656;4;483;17;160;14;63;13;581;11;186
"2016-05-31";6;713;6;601;2;329;2;92;17;679;13;201
"2016-06-01";110;805;98;578;1;227;2;30;16;658;12;201
"2016-06-02";6;670;3;481;0;95;0;76;18;643;13;188
"2016-06-03";4;638;1;413;0;169;0;73;11;598;9;189
"2016-06-04";1;821;2;631;0;115;0;70;11;686;10;230
"2016-06-05";1;1014;0;608;0;314;0;66;69;897;43;302
"2016-06-06";3;583;1;480;19;209;13;70;11;656;11;191
"2016-06-07";1;550;1;531;0;216;0;35;10;648;9;199
"2016-06-08";113;605;102;410;0;111;0;52;9;539;10;182
"2016-06-09";2;474;2;438;0;84;0;15;10;608;11;188
"2016-06-10";0;449;2;393;0;68;0;36;11;487;9;117
"2016-06-11";2;613;0;462;0;137;0;77;10;664;11;175
"2016-06-12";1;886;1;580;0;149;0;78;73;784;44;311
"2016-06-13";3;566;1;417;16;115;11;208;11;632;10;208
"2016-06-14";1;454;2;379;0;67;0;91;10;521;8;166
"2016-06-15";119;647;87;441;0;184;0;82;9;491;8;135
"2016-06-16";1;434;1;403;0;230;0;132;10;596;10;176
"2016-06-17";1;460;1;401;0;74;0;30;12;637;11;139
"2016-06-18";1;688;2;447;0;90;0;63;8;565;11;197
"2016-06-19";1;844;1;530;0;118;0;52;63;862;40;198
"2016-06-20";1;563;2;438;20;104;11;225;9;632;10;247
"2016-06-21";0;442;1;531;0;99;0;61;11;556;10;177
"2016-06-22";105;460;94;503;0;54;0;63;8;457;10;165
"2016-06-23";6;516;4;406;0;75;0;62;1;634;2;191
"2016-06-24";6;444;4;334;0;114;0;56;2;492;2;133
"2016-06-25";4;614;3;439;0;111;0;222;1;623;4;170
"2016-06-26";5;801;2;543;0;132;0;73;68;796;40;238
"2016-06-27";6;431;5;459;18;227;11;128;1;557;2;238
"2016-06-28";10;409;4;406;0;78;0;25;5;502;4;170
"2016-06-29";112;484;92;408;0;77;0;30;4;513;4;158
"2016-06-30";13;534;4;308;0;82;0;146;4;575;5;153
"2016-07-01";11;627;6;439;0;142;0;42;5;562;5;183
"2016-07-02";11;825;6;471;0;300;0;104;4;776;4;204
"2016-07-03";10;711;5;501;0;129;0;124;68;703;41;221
"2016-07-04";10;750;5;509;18;254;13;59;4;718;4;218
"2016-07-05";12;773;7;377;0;186;0;126;3;722;4;178
"2016-07-06";126;703;91;412;0;115;0;41;5;598;4;153
"2016-07-07";6;537;5;368;0;126;0;31;6;609;4;225
"2016-07-08";10;492;5;359;0;149;0;113;5;539;4;97
"2016-07-09";5;624;4;471;0;167;0;82;3;625;5;177
"2016-07-10";8;673;5;451;0;133;0;46;70;742;43;216
"2016-07-11";9;560;5;365;13;130;10;37;4;568;3;181
"2016-07-12";8;492;5;404;0;89;0;114;4;584;3;163
"2016-07-13";108;565;98;409;0;95;0;34;5;454;4;136
"2016-07-14";6;415;3;357;0;110;0;31;2;494;1;151
"2016-07-15";7;551;4;366;0;135;0;67;2;521;2;128
"2016-07-16";5;559;4;401;0;133;0;50;3;599;2;193
"2016-07-17";6;677;5;408;0;144;0;62;69;740;40;213
"2016-07-18";5;554;4;384;17;242;13;83;2;550;2;168
"2016-07-19";6;528;4;334;0;101;0;45;2;513;2;158
"2016-07-20";110;524;100;426;0;148;0;33;2;599;1;143
"2016-07-21";7;446;6;332;0;49;0;55;3;448;2;134
"2016-07-22";7;434;4;277;0;47;0;48;2;491;1;126
"2016-07-23";7;506;5;347;0;143;0;41;2;595;1;127
"2016-07-24";6;578;5;434;0;196;0;97;68;705;39;158
"2016-07-25";8;560;4;349;20;160;12;80;2;569;1;172
"2016-07-26";7;498;5;350;0;204;0;79;2;598;2;162
"2016-07-27";113;499;91;338;0;93;0;45;2;524;2;129
"2016-07-28";4;364;4;342;0;85;0;38;3;504;2;156
"2016-07-29";6;459;5;283;0;140;0;52;2;511;2;118
"2016-07-30";8;644;5;494;0;177;0;86;2;565;2;156
"2016-07-31";8;680;4;475;0;239;0;123;74;740;44;217
"2016-08-01";6;872;5;487;18;270;10;121;2;609;1;184
"2016-08-02";6;697;5;435;0;113;0;72;1;693;2;180
"2016-08-03";115;810;86;438;0;191;0;59;2;612;2;125
"2016-08-04";1;596;0;356;0;190;0;39;2;541;1;151
"2016-08-05";1;487;0;386;0;215;0;53;2;584;0;150
"2016-08-06";0;550;1;365;0;69;0;111;1;589;0;173
"2016-08-07";1;673;1;405;0;261;0;84;71;662;42;200
"2016-08-08";1;633;0;360;16;210;9;105;1;655;0;189
"2016-08-09";2;487;0;324;0;181;0;63;10;527;7;144
"2016-08-10";113;597;96;345;0;127;0;37;9;500;7;150
"2016-08-11";0;447;1;312;0;89;0;68;7;582;7;141
"2016-08-12";1;519;0;312;0;178;0;62;8;738;7;107
"2016-08-13";2;480;2;314;0;44;0;77;7;544;7;116
"2016-08-14";1;539;2;399;0;156;0;65;65;507;37;162
"2016-08-15";2;716;1;382;18;187;13;70;8;616;7;157
"2016-08-16";1;605;1;387;0;127;0;79;7;640;8;209
"2016-08-17";114;706;90;356;0;88;0;67;7;563;6;144
"2016-08-18";2;471;1;351;0;50;0;22;7;578;8;149
"2016-08-19";1;433;0;278;0;74;0;67;6;500;5;115
"2016-08-20";1;542;1;339;0;60;0;26;8;557;7;117
"2016-08-21";0;610;3;389;0;142;0;57;66;707;38;169
"2016-08-22";0;560;1;368;18;135;13;98;8;514;8;194
"2016-08-23";0;503;0;328;0;276;0;168;9;603;6;139
"2016-08-24";113;582;99;400;0;119;0;35;7;485;7;151
"2016-08-25";1;426;1;356;0;92;0;54;8;580;7;145
"2016-08-26";0;476;1;299;0;81;0;80;7;553;8;116
"2016-08-27";1;577;1;347;0;135;0;22;10;547;8;163
"2016-08-28";0;670;1;332;0;156;0;112;64;627;39;153
"2016-08-29";1;534;0;358;15;309;10;53;8;532;7;177
"2016-08-30";0;492;1;343;0;66;0;291;11;413;9;144
"2016-08-31";116;644;104;357;0;165;0;30;8;593;7;145
"2016-09-01";1;658;1;364;0;248;0;47;11;579;12;186
"2016-09-02";0;704;3;408;0;247;0;88;12;668;11;155
"2016-09-03";0;829;0;522;0;236;0;38;14;682;10;150
"2016-09-04";1;1098;1;698;0;168;0;74;73;913;45;293
"2016-09-05";1;762;3;456;20;343;11;72;12;670;11;207
"2016-09-06";0;760;0;507;1;178;0;45;14;664;11;238
"2016-09-07";123;664;100;624;0;95;0;52;13;550;10;179
"2016-09-08";4;457;6;540;0;125;0;60;11;544;11;166
"2016-09-09";5;414;6;397;0;41;0;8;14;585;11;135
"2016-09-10";6;768;6;571;0;103;0;40;12;625;10;200
"2016-09-11";5;917;6;685;1;123;0;110;70;795;40;294
"2016-09-12";4;568;4;372;18;564;11;96;12;536;11;182
"2016-09-13";10;511;6;422;1;130;0;43;15;558;12;239
"2016-09-14";102;483;97;402;1;66;0;138;13;525;10;159
"2016-09-15";9;479;6;321;1;44;0;41;13;559;10;180
"2016-09-16";10;547;9;348;0;107;0;63;12;498;8;107
"2016-09-17";16;655;9;498;0;69;0;55;14;518;9;184
"2016-09-18";11;1021;8;573;0;192;0;61;70;902;41;275
"2016-09-19";12;575;11;392;18;489;10;145;15;627;8;175
"2016-09-20";13;550;12;413;0;114;0;63;10;626;10;179
"2016-09-21";110;493;98;483;0;172;0;61;12;526;11;181
"2016-09-22";12;462;12;355;0;152;0;52;11;508;10;168
"2016-09-23";11;488;11;322;0;112;0;71;9;604;11;158
"2016-09-24";13;611;10;518;1;210;0;57;13;670;12;165
"2016-09-25";13;836;12;577;2;249;0;154;68;766;42;263
"2016-09-26";13;590;12;491;17;401;12;58;14;699;11;178
"2016-09-27";11;531;11;443;1;112;0;108;13;632;9;163
"2016-09-28";117;500;96;419;0;145;0;66;8;558;10;158
"2016-09-29";12;435;12;335;0;126;0;65;15;543;11;115
"2016-09-30";17;501;12;395;0;65;0;72;13;565;10;111
"2016-10-01";15;954;11;594;0;399;0;76;10;824;7;273
"2016-10-02";19;1243;15;773;0;436;0;143;74;1084;43;266
"2016-10-03";15;754;13;611;17;414;11;151;8;632;7;215
"2016-10-04";16;706;15;577;1;192;0;36;8;726;6;177
"2016-10-05";116;653;103;562;1;140;0;31;7;536;6;178
"2016-10-06";13;566;11;378;0;86;0;50;8;587;6;144
"2016-10-07";12;465;13;340;1;61;0;81;9;545;7;147
"2016-10-08";16;781;14;505;1;132;0;62;9;746;6;134
"2016-10-09";16;1085;15;815;2;232;0;60;70;905;46;336
"2016-10-10";12;619;16;511;18;603;9;56;7;620;6;236
"2016-10-11";20;490;15;431;3;186;0;50;8;542;7;148
"2016-10-12";113;481;102;481;1;157;0;108;9;508;7;135
"2016-10-13";18;389;10;390;1;120;0;60;12;488;7;170
"2016-10-14";14;437;13;329;2;62;1;60;8;585;7;144
"2016-10-15";17;785;13;537;1;205;0;74;11;608;7;177
"2016-10-16";19;1084;15;609;2;250;0;78;73;993;44;288
"2016-10-17";10;626;8;420;18;591;14;140;8;537;7;182
"2016-10-18";12;499;7;381;0;173;0;59;8;563;7;182
"2016-10-19";113;496;89;522;0;234;0;68;9;518;6;124
"2016-10-20";14;482;6;380;4;115;5;62;1;548;1;136
"2016-10-21";8;424;6;297;5;107;4;71;4;505;1;125
"2016-10-22";8;651;6;416;6;347;5;40;2;676;1;177
"2016-10-23";9;969;6;600;5;214;5;231;75;928;40;212
"2016-10-24";7;534;5;476;17;730;8;181;2;579;0;240
"2016-10-25";7;509;6;401;6;147;5;57;1;625;1;204
"2016-10-26";133;492;94;458;5;129;5;54;8;402;5;133
"2016-10-27";15;436;13;293;5;109;3;51;7;508;5;104
"2016-10-28";16;378;16;357;6;92;3;19;6;501;4;121
"2016-10-29";17;563;15;430;6;158;5;108;7;497;5;120
"2016-10-30";17;838;17;486;7;355;4;67;71;723;42;205
"2016-10-31";17;547;17;340;15;569;11;77;6;497;5;168
"2016-11-01";16;602;16;344;6;77;6;93;6;555;7;129
"2016-11-02";135;975;96;385;6;86;6;52;8;584;4;123
"2016-11-03";16;707;18;338;4;145;3;59;8;540;3;134
"2016-11-04";15;740;19;465;6;140;5;105;7;763;5;174
"2016-11-05";20;1082;14;298;6;211;5;30;7;641;5;92
"2016-11-06";19;1125;20;768;6;254;5;51;74;737;41;287
"2016-11-07";20;647;19;602;16;561;11;208;8;562;5;203
"2016-11-08";18;623;18;625;5;217;5;58;7;611;4;179
"2016-11-09";122;718;97;582;4;130;4;55;10;536;3;103
"2016-11-10";15;460;14;326;3;129;1;51;8;488;6;127
"2016-11-11";13;481;12;449;2;145;1;35;5;418;6;254
"2016-11-12";18;644;15;461;3;106;1;88;6;547;5;146
"2016-11-13";15;1039;18;813;3;278;1;121;71;973;34;210
"2016-11-14";13;686;17;469;19;515;10;54;8;533;6;210
"2016-11-15";12;783;15;473;2;234;2;348;8;620;7;136
"2016-11-16";125;808;92;446;2;182;2;35;5;520;7;124
"2016-11-17";0;486;12;375;0;83;1;20;0;508;1;155
"2016-11-18";11;468;10;330;1;70;1;14;5;660;3;127
"2016-11-19";13;651;11;464;1;125;0;48;3;598;1;161
"2016-11-20";15;946;14;549;1;278;0;76;68;912;40;218
"2016-11-21";10;618;13;421;19;178;12;88;3;582;2;174
"2016-11-22";8;506;11;447;1;173;1;72;3;522;3;161
"2016-11-23";119;560;96;383;1;193;0;58;7;545;4;141
"2016-11-24";13;449;12;392;1;119;1;59;6;452;4;118
"2016-11-25";16;439;12;311;1;87;0;15;4;517;4;119
"2016-11-26";13;607;13;431;1;111;0;58;7;651;5;173
"2016-11-27";13;918;14;497;1;324;0;85;68;1077;45;225
"2016-11-28";13;557;15;426;19;571;13;185;6;556;4;180
"2016-11-29";13;475;15;414;1;189;0;191;7;508;3;184
"2016-11-30";128;552;87;419;1;81;0;23;6;556;4;145
"2016-12-01";17;738;13;454;1;179;1;73;6;674;4;209
"2016-12-02";15;844;12;475;1;130;1;192;6;528;5;143
"2016-12-03";14;986;15;534;2;151;1;66;7;776;5;182
"2016-12-04";11;1343;14;641;1;166;1;75;72;1125;45;277
"2016-12-05";11;837;12;494;16;405;13;49;6;678;4;188
"2016-12-06";15;712;16;486;1;173;0;130;6;628;5;217
"2016-12-07";125;673;92;539;1;137;0;24;7;554;5;129
"2016-12-08";16;521;12;376;1;109;0;29;2;538;1;107
"2016-12-09";18;463;13;335;1;105;0;65;2;499;0;135
"2016-12-10";15;711;12;425;1;132;0;41;3;526;1;161
"2016-12-11";18;994;14;567;1;248;0;83;71;945;44;257
"2016-12-12";15;570;13;450;16;554;12;55;1;521;1;195
"2016-12-13";13;492;13;433;1;152;1;47;2;485;1;130
"2016-12-14";127;532;98;471;1;54;0;46;2;455;1;127
"2016-12-15";15;523;10;415;1;97;1;47;2;500;1;123
"2016-12-16";13;446;13;300;1;244;1;63;1;461;1;169
"2016-12-17";14;601;13;409;1;80;1;43;3;652;1;172
"2016-12-18";16;953;13;586;1;144;0;90;72;795;39;194
"2016-12-19";16;755;14;501;14;472;12;142;2;611;1;157
"2016-12-20";18;652;16;440;1;118;0;68;2;626;0;126
"2016-12-21";123;681;95;458;1;64;0;61;2;633;0;142
"2016-12-22";17;680;16;412;2;58;0;86;2;520;0;99
"2016-12-23";22;704;14;567;1;74;0;69;3;527;1;132
"2016-12-24";21;1110;20;611;1;505;1;104;1;518;1;113
"2016-12-26";21;707;17;390;18;600;12;157;2;552;1;140
"2016-12-27";21;617;20;427;1;231;0;23;2;595;1;117
"2016-12-28";127;713;91;413;1;167;0;52;4;567;3;82
"2016-12-29";24;631;24;455;0;84;0;121;4;488;3;124
"2016-12-30";25;624;23;444;0;93;0;47;4;616;3;132
"2016-12-31";26;853;24;536;0;111;0;84;5;687;3;107
"2017-01-01";0;0;0;0;0;0;0;0;0;0;0;0
"2017-01-02";14;1321;13;662;18;314;12;113;2;1024;1;228
"2017-01-03";14;876;13;610;0;93;0;179;3;728;0;192
"2017-01-04";134;932;104;684;0;91;0;59;6;641;4;211
"2017-01-05";17;576;13;430;1;58;0;241;6;589;4;172
"2017-01-06";14;573;12;316;1;122;0;30;6;520;4;103
"2017-01-07";17;760;13;450;0;211;0;153;7;618;4;168
"2017-01-08";16;1017;17;521;1;178;0;60;73;1057;41;230
"2017-01-09";14;747;15;467;20;213;11;45;6;593;5;185
"2017-01-10";18;695;13;470;2;90;0;88;6;578;4;158
"2017-01-11";111;594;98;594;1;45;0;53;7;554;3;164
"2017-01-12";15;460;13;403;1;112;0;29;5;456;5;126
"2017-01-13";16;550;12;375;0;110;0;24;7;592;4;146
"2017-01-14";17;628;14;505;1;90;0;60;8;573;5;159
"2017-01-15";17;1128;13;639;0;303;0;130;75;1079;47;283
"2017-01-16";15;663;13;467;17;262;13;101;8;709;5;196
"2017-01-17";16;546;16;443;1;118;0;32;7;641;3;147
"2017-01-18";130;618;96;440;3;96;1;42;8;585;3;140
"2017-01-19";17;464;11;369;2;54;1;49;5;564;2;174
"2017-01-20";20;420;13;310;1;105;1;49;4;483;3;130
"2017-01-21";15;735;17;531;1;178;1;76;6;788;3;150
"2017-01-22";20;1007;16;575;3;227;1;95;75;1052;46;257
"2017-01-23";16;627;17;443;16;222;11;160;5;693;3;157
"2017-01-24";15;534;15;364;2;125;1;26;5;580;2;132
"2017-01-25";113;533;97;526;2;133;1;40;11;662;6;174
"2017-01-26";13;452;14;390;1;75;1;23;9;539;5;133
"2017-01-27";14;494;11;288;2;70;1;40;7;698;4;122
"2017-01-28";15;618;14;513;2;122;1;72;7;691;5;207
"2017-01-29";18;918;15;608;2;179;1;87;70;988;50;247
"2017-01-30";15;554;12;490;18;194;11;68;7;706;4;233
"2017-01-31";16;624;14;419;0;113;1;65;9;626;3;194
"2017-02-01";137;878;105;655;1;141;1;65;9;670;4;157
"2017-02-02";14;757;13;329;1;228;1;40;9;695;5;139
"2017-02-03";17;621;12;412;1;172;1;172;9;602;5;153
"2017-02-04";16;879;13;550;1;68;1;65;8;809;3;193
"2017-02-05";16;1064;15;565;1;161;1;42;74;1074;41;242
"2017-02-06";19;807;13;371;16;326;9;49;9;661;4;171
"2017-02-07";17;692;0;440;1;150;0;47;9;662;0;162
"2017-02-08";131;751;96;394;1;85;1;43;13;629;8;155
"2017-02-09";13;575;12;395;0;90;0;21;14;548;10;162
"2017-02-10";15;637;10;371;0;74;0;18;12;586;10;148
"2017-02-11";18;854;12;455;0;126;0;325;14;696;10;204
"2017-02-12";17;1199;14;662;0;156;0;65;72;794;43;251
"2017-02-13";17;814;15;472;17;280;10;133;14;827;10;246
"2017-02-14";15;558;12;370;0;114;0;18;14;562;10;105
"2017-02-15";115;671;101;555;2;83;1;39;11;558;10;168
"2017-02-16";11;521;10;375;1;110;1;51;7;581;4;166
"2017-02-17";10;499;12;363;1;235;1;36;8;739;4;149
"2017-02-18";14;802;12;495;2;149;1;59;6;641;6;212
"2017-02-19";12;984;13;498;1;126;1;30;73;1014;45;222
"2017-02-20";15;597;10;444;16;119;10;69;6;666;6;208
"2017-02-21";16;631;8;447;1;101;1;52;7;535;5;166
"2017-02-22";125;577;103;553;1;86;1;25;5;583;3;158
"2017-02-23";13;542;8;410;1;48;1;38;10;653;2;120
"2017-02-24";10;539;10;377;1;85;0;36;8;483;6;136
"2017-02-25";14;827;9;457;1;61;0;49;7;732;6;198
"2017-02-26";14;706;9;365;2;153;1;50;74;835;37;159
"2017-02-27";10;732;9;338;17;128;11;47;6;776;5;125
"2017-02-28";11;839;10;474;2;127;1;131;7;825;5;178
"2017-03-01";135;1048;109;637;4;165;2;33;11;863;12;260
"2017-03-02";24;885;27;472;4;68;2;65;17;820;11;179
"2017-03-03";26;642;26;451;5;67;2;57;19;614;11;169
"2017-03-04";27;1074;25;602;4;102;2;53;19;794;12;227
"2017-03-05";31;1374;29;633;4;222;2;80;78;1166;47;278
"2017-03-06";29;796;28;480;15;234;7;193;19;767;10;229
"2017-03-07";21;756;27;395;5;92;2;66;17;648;9;176
"2017-03-08";126;741;104;472;5;140;2;78;18;593;9;1164
"2017-03-09";24;600;25;399;4;106;2;43;14;679;10;193
"2017-03-10";29;579;24;360;6;104;2;29;15;626;12;187
"2017-03-11";26;831;28;482;6;107;2;88;15;756;11;184
"2017-03-12";28;1353;29;569;5;199;2;67;78;931;41;302
"2017-03-13";23;624;26;547;15;140;12;220;15;609;11;229
"2017-03-14";26;647;25;400;5;81;2;31;17;644;11;138
"2017-03-15";118;896;102;543;6;179;2;147;15;584;10;145
"2017-03-16";27;574;23;339;6;105;2;65;17;667;9;172
"2017-03-17";39;680;38;356;4;88;2;32;16;513;11;178
"2017-03-18";37;798;38;689;6;148;2;42;16;715;10;160
"2017-03-19";34;1131;39;623;6;214;2;84;75;1028;42;236
"2017-03-20";26;759;40;532;15;234;10;119;18;647;11;183
"2017-03-21";39;670;39;455;5;87;2;28;14;559;9;153
"2017-03-22";126;742;101;536;5;114;2;50;14;576;8;162
"2017-03-23";22;571;17;354;2;165;0;28;5;531;3;121
"2017-03-24";31;632;26;366;2;157;0;22;5;556;4;140
"2017-03-25";29;849;35;546;2;116;0;45;4;551;1;161
"2017-03-26";36;1178;36;759;3;135;0;100;76;937;46;222
"2017-03-27";24;663;31;593;16;215;13;94;7;554;4;212
"2017-03-28";30;596;30;485;2;65;0;74;4;540;3;146
"2017-03-29";129;669;103;541;3;100;0;21;5;506;2;181
"2017-03-30";34;709;29;508;3;143;0;73;5;460;4;131
"2017-03-31";33;644;26;367;3;95;0;104;7;482;2;117
"2017-04-01";9;1387;4;688;3;316;0;66;5;929;4;246
"2017-04-02";8;1515;5;649;4;233;0;77;76;1024;43;221
"2017-04-03";10;982;7;645;20;196;12;154;6;615;5;269
"2017-04-04";11;959;6;511;5;220;0;59;7;662;4;167
"2017-04-05";127;952;107;612;4;118;0;21;6;503;2;156
"2017-04-06";11;765;8;473;3;268;0;103;4;617;3;116
"2017-04-07";8;707;5;424;2;78;0;23;5;401;5;146
"2017-04-08";8;898;7;518;3;68;0;58;6;647;4;153
"2017-04-09";9;1186;6;600;3;153;0;124;79;884;44;194
"2017-04-10";10;785;8;552;18;281;13;159;5;562;3;169
"2017-04-11";11;755;5;465;2;59;0;128;5;486;4;144
"2017-04-12";119;915;100;523;2;98;0;40;7;411;4;135
"2017-04-13";6;719;4;549;4;200;1;99;7;587;7;134
"2017-04-14";6;845;2;593;3;117;0;44;7;528;7;115
"2017-04-15";4;880;4;497;1;134;1;47;7;727;7;174
"2017-04-16";6;1176;3;570;1;99;1;88;77;1035;42;214
"2017-04-17";5;638;3;537;17;166;12;96;9;560;6;177
"2017-04-18";8;660;2;472;2;111;0;42;7;605;4;182
"2017-04-19";109;636;94;605;0;66;0;43;9;460;5;128
"2017-04-20";13;459;11;435;0;77;1;102;6;550;4;130
"2017-04-21";19;658;15;408;1;38;1;53;8;512;7;151
"2017-04-22";16;763;13;505;0;177;0;31;7;514;5;164
"2017-04-23";15;1057;13;649;1;165;1;64;69;708;47;233
"2017-04-24";16;619;13;579;17;107;13;63;7;534;6;173
"2017-04-25";15;567;14;422;1;191;1;52;6;560;5;144
"2017-04-26";120;553;98;588;0;117;1;36;8;483;5;162
"2017-04-27";20;505;13;447;0;25;0;42;6;504;6;154
"2017-04-28";21;582;16;354;0;66;1;61;8;466;6;162
"2017-04-29";21;854;16;583;0;195;0;56;6;787;6;177
"2017-04-30";21;935;18;490;2;359;0;59;76;896;40;182
"2017-05-01";22;1254;17;705;18;165;12;116;8;883;6;220
"2017-05-02";16;804;14;450;1;201;1;32;8;543;6;176
"2017-05-03";136;916;101;686;1;146;0;40;8;648;6;239
"2017-05-04";22;706;20;412;1;86;1;51;6;585;7;169
"2017-05-05";25;562;14;344;2;167;0;48;4;572;4;117
"2017-05-06";25;964;20;579;0;67;0;48;5;667;3;164
"2017-05-07";25;1248;20;713;2;204;0;42;80;1094;48;276
"2017-05-08";25;785;21;465;13;173;10;115;2;555;2;224
"2017-05-09";27;818;18;420;0;65;0;51;4;599;2;231
"2017-05-10";129;713;103;645;1;89;0;22;3;516;2;167
"2017-05-11";20;535;23;378;1;53;0;56;4;578;2;144
"2017-05-12";24;539;20;348;1;56;0;47;3;529;2;89
"2017-05-13";24;835;22;602;0;123;0;72;1;595;3;252
"2017-05-14";26;928;24;425;0;125;0;73;73;778;42;168
"2017-05-15";25;743;22;514;14;196;13;111;2;645;1;188
"2017-05-16";26;805;23;390;1;158;1;89;3;697;2;163
"2017-05-17";135;667;104;678;1;87;0;25;5;539;2;164
"2017-05-18";21;525;19;383;0;58;0;29;3;521;2;178
"2017-05-19";16;508;12;379;0;72;0;74;3;463;3;590
"2017-05-20";19;738;16;475;0;86;0;90;4;632;2;222
"2017-05-21";18;941;15;608;1;213;0;91;80;861;44;239
"2017-05-22";14;686;15;558;15;177;9;85;2;544;3;211
"2017-05-23";18;713;14;402;1;143;0;36;2;600;2;138
"2017-05-24";128;641;90;426;0;97;0;20;2;478;1;134
"2017-05-25";13;507;12;295;0;41;0;23;2;460;2;104
"2017-05-26";16;674;15;362;0;176;0;64;2;913;3;157
"2017-05-27";13;680;14;464;0;101;0;39;1;668;2;143
"2017-05-28";17;1015;16;617;1;215;1;85;74;759;47;235
"2017-05-29";15;639;12;467;14;209;13;78;3;536;1;209
"2017-05-30";15;513;14;405;0;56;0;32;2;521;1;165
"2017-05-31";125;685;107;568;0;154;0;39;3;531;1;181
"2017-06-01";1;721;1;418;0;126;0;33;0;623;1;181
"2017-06-02";17;704;13;388;2;92;1;27;2;660;0;183
"2017-06-03";19;1085;13;490;2;206;1;42;0;745;0;148
"2017-06-04";22;1429;13;658;2;193;1;82;78;848;49;276
"2017-06-05";17;1000;15;529;14;72;11;102;0;720;2;204
"2017-06-06";17;748;14;441;2;89;1;24;0;546;0;127
"2017-06-07";129;749;95;693;2;52;1;37;2;623;0;154
"2017-06-08";30;557;24;447;3;98;1;61;0;573;0;154
"2017-06-09";29;676;23;443;1;45;1;20;2;525;0;167
"2017-06-10";29;716;25;520;1;98;1;41;1;567;1;192
"2017-06-11";34;970;27;544;2;260;1;86;75;834;48;236
"2017-06-12";28;587;25;466;19;151;10;58;1;522;0;166
"2017-06-13";30;595;25;453;2;223;1;78;0;580;0;160
"2017-06-14";125;610;105;570;1;155;0;36;4;514;2;199
"2017-06-15";25;597;23;428;1;43;1;38;6;528;2;159
"2017-06-16";29;531;25;446;1;83;1;62;3;444;3;162
"2017-06-17";29;797;24;495;3;136;1;133;4;644;2;160
"2017-06-18";30;1006;26;575;1;218;1;58;73;776;49;237
"2017-06-19";30;752;29;497;16;131;14;79;2;693;2;220
"2017-06-20";34;631;30;507;1;107;2;44;2;686;2;195
"2017-06-21";120;539;109;563;2;74;1;55;6;576;5;193
"2017-06-22";37;540;34;405;0;42;0;66;7;519;5;146
"2017-06-23";28;542;31;420;0;113;0;25;6;616;5;122
"2017-06-24";28;615;32;505;0;71;0;71;6;509;6;168
"2017-06-25";36;906;34;570;0;230;0;67;73;802;49;221
"2017-06-26";28;656;30;488;17;216;13;131;6;595;5;180
"2017-06-27";27;552;30;428;0;104;0;27;6;525;5;131
"2017-06-28";111;455;96;575;0;88;0;102;5;505;6;157
"2017-06-29";26;481;29;416;1;93;0;46;9;600;6;185
"2017-06-30";25;556;25;355;1;194;0;57;6;668;5;186
"2017-07-01";30;863;28;572;1;163;0;40;7;711;5;194
"2017-07-02";33;892;31;613;2;276;0;83;72;641;47;246
"2017-07-03";29;886;28;566;19;390;13;251;8;795;5;203
"2017-07-04";29;787;24;474;2;323;0;122;7;719;5;192
"2017-07-05";130;873;100;563;3;214;0;55;14;724;13;173
"2017-07-06";27;665;28;331;2;202;1;30;16;837;10;231
"2017-07-07";32;815;24;272;2;175;1;49;17;776;11;127
"2017-07-08";29;739;31;547;2;221;1;56;14;843;10;169
"2017-07-09";29;895;29;481;2;246;1;84;78;992;44;220
"2017-07-10";29;682;29;488;18;328;13;147;14;723;9;204
"2017-07-11";27;647;26;388;3;223;2;52;15;741;12;197
"2017-07-12";119;629;100;579;3;192;2;43;14;671;9;141
"2017-07-13";18;507;18;338;3;215;2;84;15;743;12;153
"2017-07-14";19;613;16;303;3;134;2;48;13;729;11;172
"2017-07-15";19;690;22;524;3;160;2;51;14;745;12;196
"2017-07-16";17;798;16;455;3;273;2;95;73;890;42;205
"2017-07-17";15;619;17;406;14;423;12;92;15;843;11;190
"2017-07-18";16;672;15;305;3;306;1;47;15;736;11;162
"2017-07-19";127;602;106;650;3;227;2;31;13;712;10;176
"2017-07-20";18;517;18;385;3;142;2;84;13;672;10;128
"2017-07-21";14;523;16;350;3;483;2;33;14;657;10;130
"2017-07-22";15;646;18;488;3;179;2;55;14;641;11;177
"2017-07-23";18;809;17;455;3;188;2;38;74;775;42;235
"2017-07-24";17;679;15;397;19;324;11;66;14;679;11;208
"2017-07-25";18;688;16;347;3;559;2;95;15;725;12;161
"2017-07-26";126;548;90;453;3;218;2;61;13;556;11;169
"2017-07-27";5;528;6;361;2;77;1;62;4;513;2;130
"2017-07-28";5;550;4;298;2;1062;1;25;3;687;5;184
"2017-07-29";6;581;6;472;2;244;1;83;4;556;5;214
"2017-07-30";6;855;5;497;2;156;1;60;75;860;45;218
"2017-07-31";4;711;5;386;15;616;11;63;5;713;5;243
"2017-08-01";4;798;2;410;2;609;1;35;4;716;5;187
"2017-08-02";136;820;103;481;2;162;1;96;4;625;4;201
"2017-08-03";11;742;9;408;2;154;1;196;12;681;10;180
"2017-08-04";11;668;10;266;2;272;1;105;12;829;8;193
"2017-08-05";14;669;13;431;3;168;1;44;8;534;10;209
"2017-08-06";18;787;12;433;2;315;1;76;73;704;43;245
"2017-08-07";13;702;9;421;15;262;10;57;11;608;11;236
"2017-08-08";18;647;15;407;2;307;1;37;11;603;9;173
"2017-08-09";117;626;93;366;2;177;1;38;9;472;9;181
"2017-08-10";10;575;14;341;3;340;1;92;11;868;9;175
"2017-08-11";17;608;13;387;2;163;1;65;11;634;7;145
"2017-08-12";14;527;11;294;2;170;1;43;11;582;5;139
"2017-08-13";17;569;8;381;2;338;1;45;62;582;43;184
"2017-08-14";17;603;10;411;16;275;10;117;12;583;10;275
"2017-08-15";18;611;9;373;3;438;1;15;9;2080;9;176
